,date,/m/03t8j0
0,2004-01-04,0.0
1,2004-01-11,0.0
2,2004-01-18,0.0
3,2004-01-25,22177.241872320115
4,2004-02-01,5763.508176764824
5,2004-02-08,0.0
6,2004-02-15,0.0
7,2004-02-22,0.0
8,2004-02-29,0.0
9,2004-03-07,0.0
10,2004-03-14,0.0
11,2004-03-21,0.0
12,2004-03-28,0.0
13,2004-04-04,0.0
14,2004-04-11,0.0
15,2004-04-18,0.0
16,2004-04-25,0.0
17,2004-05-02,0.0
18,2004-05-09,0.0
19,2004-05-16,16703.129032637822
20,2004-05-23,0.0
21,2004-05-30,0.0
22,2004-06-06,0.0
23,2004-06-13,0.0
24,2004-06-20,0.0
25,2004-06-27,0.0
26,2004-07-04,10642.557220970202
27,2004-07-11,0.0
28,2004-07-18,0.0
29,2004-07-25,0.0
30,2004-08-01,0.0
31,2004-08-08,0.0
32,2004-08-15,0.0
33,2004-08-22,0.0
34,2004-08-29,0.0
35,2004-09-05,7142.17821346189
36,2004-09-12,0.0
37,2004-09-19,0.0
38,2004-09-26,0.0
39,2004-10-03,0.0
40,2004-10-10,0.0
41,2004-10-17,0.0
42,2004-10-24,0.0
43,2004-10-31,0.0
44,2004-11-07,0.0
45,2004-11-14,0.0
46,2004-11-21,0.0
47,2004-11-28,0.0
48,2004-12-05,10854.750561521958
49,2004-12-12,0.0
50,2004-12-19,0.0
51,2004-12-26,13269.855194028401
52,2005-01-02,0.0
53,2005-01-09,0.0
54,2005-01-16,0.0
55,2005-01-23,8922.244409003479
56,2005-01-30,0.0
57,2005-02-06,0.0
58,2005-02-13,6231.042538562494
59,2005-02-20,11162.649542953905
60,2005-02-27,0.0
61,2005-03-06,4803.7970329674245
62,2005-03-13,0.0
63,2005-03-20,0.0
64,2005-03-27,0.0
65,2005-04-03,0.0
66,2005-04-10,0.0
67,2005-04-17,0.0
68,2005-04-24,0.0
69,2005-05-01,0.0
70,2005-05-08,3702.9220459664493
71,2005-05-15,0.0
72,2005-05-22,0.0
73,2005-05-29,0.0
74,2005-06-05,0.0
75,2005-06-12,0.0
76,2005-06-19,0.0
77,2005-06-26,0.0
78,2005-07-03,0.0
79,2005-07-10,0.0
80,2005-07-17,4268.600757268661
81,2005-07-24,0.0
82,2005-07-31,0.0
83,2005-08-07,0.0
84,2005-08-14,6256.849111003951
85,2005-08-21,0.0
86,2005-08-28,0.0
87,2005-09-04,0.0
88,2005-09-11,3424.334614039477
89,2005-09-18,0.0
90,2005-09-25,0.0
91,2005-10-02,0.0
92,2005-10-09,0.0
93,2005-10-16,0.0
94,2005-10-23,0.0
95,2005-10-30,0.0
96,2005-11-06,0.0
97,2005-11-13,0.0
98,2005-11-20,0.0
99,2005-11-27,0.0
100,2005-12-04,0.0
101,2005-12-11,0.0
102,2005-12-18,0.0
103,2005-12-25,0.0
104,2006-01-01,0.0
105,2006-01-08,0.0
106,2006-01-15,0.0
107,2006-01-22,3567.8195295471155
108,2006-01-29,0.0
109,2006-02-05,0.0
110,2006-02-12,0.0
111,2006-02-19,0.0
112,2006-02-26,0.0
113,2006-03-05,0.0
114,2006-03-12,0.0
115,2006-03-19,0.0
116,2006-03-26,0.0
117,2006-04-02,0.0
118,2006-04-09,0.0
119,2006-04-16,0.0
120,2006-04-23,2727.594267516291
121,2006-04-30,0.0
122,2006-05-07,0.0
123,2006-05-14,0.0
124,2006-05-21,0.0
125,2006-05-28,0.0
126,2006-06-04,3730.38178580147
127,2006-06-11,0.0
128,2006-06-18,0.0
129,2006-06-25,0.0
130,2006-07-02,0.0
131,2006-07-09,3859.1245855720204
132,2006-07-16,0.0
133,2006-07-23,0.0
134,2006-07-30,2285.054014144966
135,2006-08-06,0.0
136,2006-08-13,0.0
137,2006-08-20,0.0
138,2006-08-27,0.0
139,2006-09-03,0.0
140,2006-09-10,0.0
141,2006-09-17,0.0
142,2006-09-24,0.0
143,2006-10-01,0.0
144,2006-10-08,2342.1512187746816
145,2006-10-15,0.0
146,2006-10-22,0.0
147,2006-10-29,0.0
148,2006-11-05,2283.0302704943883
149,2006-11-12,0.0
150,2006-11-19,0.0
151,2006-11-26,0.0
152,2006-12-03,0.0
153,2006-12-10,6712.233670458917
154,2006-12-17,0.0
155,2006-12-24,0.0
156,2006-12-31,0.0
157,2007-01-07,0.0
158,2007-01-14,0.0
159,2007-01-21,0.0
160,2007-01-28,2045.154568979507
161,2007-02-04,0.0
162,2007-02-11,8338.849193198661
163,2007-02-18,0.0
164,2007-02-25,0.0
165,2007-03-04,0.0
166,2007-03-11,0.0
167,2007-03-18,0.0
168,2007-03-25,1740.3267600571585
169,2007-04-01,0.0
170,2007-04-08,0.0
171,2007-04-15,0.0
172,2007-04-22,3766.2298052408246
173,2007-04-29,0.0
174,2007-05-06,0.0
175,2007-05-13,0.0
176,2007-05-20,2369.531757104847
177,2007-05-27,0.0
178,2007-06-03,0.0
179,2007-06-10,0.0
180,2007-06-17,0.0
181,2007-06-24,0.0
182,2007-07-01,0.0
183,2007-07-08,0.0
184,2007-07-15,0.0
185,2007-07-22,3533.2327707778645
186,2007-07-29,0.0
187,2007-08-05,6502.688560934077
188,2007-08-12,0.0
189,2007-08-19,1450.4266198919745
190,2007-08-26,0.0
191,2007-09-02,0.0
192,2007-09-09,0.0
193,2007-09-16,0.0
194,2007-09-23,0.0
195,2007-09-30,1296.4200743409044
196,2007-10-07,0.0
197,2007-10-14,0.0
198,2007-10-21,2307.437230654901
199,2007-10-28,0.0
200,2007-11-04,0.0
201,2007-11-11,0.0
202,2007-11-18,0.0
203,2007-11-25,0.0
204,2007-12-02,0.0
205,2007-12-09,0.0
206,2007-12-16,0.0
207,2007-12-23,0.0
208,2007-12-30,0.0
209,2008-01-06,0.0
210,2008-01-13,0.0
211,2008-01-20,0.0
212,2008-01-27,0.0
213,2008-02-03,0.0
214,2008-02-10,0.0
215,2008-02-17,0.0
216,2008-02-24,1475.6471057465458
217,2008-03-02,0.0
218,2008-03-09,0.0
219,2008-03-16,0.0
220,2008-03-23,0.0
221,2008-03-30,0.0
222,2008-04-06,0.0
223,2008-04-13,0.0
224,2008-04-20,0.0
225,2008-04-27,0.0
226,2008-05-04,0.0
227,2008-05-11,2221.701858450083
228,2008-05-18,1636.3503572900518
229,2008-05-25,0.0
230,2008-06-01,0.0
231,2008-06-08,0.0
232,2008-06-15,0.0
233,2008-06-22,1135.8976941539117
234,2008-06-29,0.0
235,2008-07-06,0.0
236,2008-07-13,1809.1228909638066
237,2008-07-20,0.0
238,2008-07-27,0.0
239,2008-08-03,0.0
240,2008-08-10,0.0
241,2008-08-17,0.0
242,2008-08-24,0.0
243,2008-08-31,0.0
244,2008-09-07,0.0
245,2008-09-14,0.0
246,2008-09-21,0.0
247,2008-09-28,0.0
248,2008-10-05,0.0
249,2008-10-12,0.0
250,2008-10-19,2675.2028765836667
251,2008-10-26,0.0
252,2008-11-02,0.0
253,2008-11-09,0.0
254,2008-11-16,0.0
255,2008-11-23,0.0
256,2008-11-30,0.0
257,2008-12-07,0.0
258,2008-12-14,0.0
259,2008-12-21,0.0
260,2008-12-28,0.0
261,2009-01-04,0.0
262,2009-01-11,1077.7083179732174
263,2009-01-18,0.0
264,2009-01-25,0.0
265,2009-02-01,0.0
266,2009-02-08,0.0
267,2009-02-15,0.0
268,2009-02-22,1160.5641690230025
269,2009-03-01,0.0
270,2009-03-08,0.0
271,2009-03-15,0.0
272,2009-03-22,0.0
273,2009-03-29,0.0
274,2009-04-05,0.0
275,2009-04-12,0.0
276,2009-04-19,2137.3827172510714
277,2009-04-26,3765.1186620305702
278,2009-05-03,0.0
279,2009-05-10,0.0
280,2009-05-17,0.0
281,2009-05-24,1976.3307767504232
282,2009-05-31,4100.740157318883
283,2009-06-07,0.0
284,2009-06-14,0.0
285,2009-06-21,0.0
286,2009-06-28,0.0
287,2009-07-05,983.262339068351
288,2009-07-12,0.0
289,2009-07-19,0.0
290,2009-07-26,0.0
291,2009-08-02,0.0
292,2009-08-09,1479.3226068233644
293,2009-08-16,0.0
294,2009-08-23,0.0
295,2009-08-30,1826.091735483251
296,2009-09-06,3240.4658010678318
297,2009-09-13,0.0
298,2009-09-20,0.0
299,2009-09-27,0.0
300,2009-10-04,0.0
301,2009-10-11,2367.0221216733125
302,2009-10-18,1807.333034493517
303,2009-10-25,1070.2853193603632
304,2009-11-01,1021.1353358693688
305,2009-11-08,0.0
306,2009-11-15,0.0
307,2009-11-22,1054.356136926019
308,2009-11-29,0.0
309,2009-12-06,1007.8780064886636
310,2009-12-13,0.0
311,2009-12-20,0.0
312,2009-12-27,0.0
313,2010-01-03,0.0
314,2010-01-10,2715.6403219383888
315,2010-01-17,0.0
316,2010-01-24,0.0
317,2010-01-31,0.0
318,2010-02-07,0.0
319,2010-02-14,0.0
320,2010-02-21,0.0
321,2010-02-28,0.0
322,2010-03-07,0.0
323,2010-03-14,0.0
324,2010-03-21,1178.2795144799575
325,2010-03-28,0.0
326,2010-04-04,2660.735245678464
327,2010-04-11,1143.137864371836
328,2010-04-18,0.0
329,2010-04-25,0.0
330,2010-05-02,1391.261834505055
331,2010-05-09,0.0
332,2010-05-16,0.0
333,2010-05-23,0.0
334,2010-05-30,0.0
335,2010-06-06,0.0
336,2010-06-13,0.0
337,2010-06-20,1152.8000367300117
338,2010-06-27,0.0
339,2010-07-04,0.0
340,2010-07-11,0.0
341,2010-07-18,0.0
342,2010-07-25,0.0
343,2010-08-01,0.0
344,2010-08-08,0.0
345,2010-08-15,0.0
346,2010-08-22,0.0
347,2010-08-29,3447.4587264607844
348,2010-09-05,0.0
349,2010-09-12,0.0
350,2010-09-19,0.0
351,2010-09-26,0.0
352,2010-10-03,0.0
353,2010-10-10,0.0
354,2010-10-17,0.0
355,2010-10-24,0.0
356,2010-10-31,0.0
357,2010-11-07,0.0
358,2010-11-14,0.0
359,2010-11-21,0.0
360,2010-11-28,2801.1534817290462
361,2010-12-05,0.0
362,2010-12-12,0.0
363,2010-12-19,0.0
364,2010-12-26,0.0
365,2011-01-02,888.6185161179536
366,2011-01-09,0.0
367,2011-01-16,0.0
368,2011-01-23,1497.9929381178292
369,2011-01-30,1205.7389340054335
370,2011-02-06,957.0911645515047
371,2011-02-13,0.0
372,2011-02-20,0.0
373,2011-02-27,0.0
374,2011-03-06,0.0
375,2011-03-13,0.0
376,2011-03-20,0.0
377,2011-03-27,419.6618107852759
378,2011-04-03,433.37080050408946
379,2011-04-10,756.905619777854
380,2011-04-17,0.0
381,2011-04-24,0.0
382,2011-05-01,0.0
383,2011-05-08,0.0
384,2011-05-15,0.0
385,2011-05-22,0.0
386,2011-05-29,408.1404541505528
387,2011-06-05,0.0
388,2011-06-12,0.0
389,2011-06-19,0.0
390,2011-06-26,0.0
391,2011-07-03,0.0
392,2011-07-10,0.0
393,2011-07-17,0.0
394,2011-07-24,621.703160678309
395,2011-07-31,710.952441767222
396,2011-08-07,0.0
397,2011-08-14,0.0
398,2011-08-21,0.0
399,2011-08-28,0.0
400,2011-09-04,702.4683168783768
401,2011-09-11,0.0
402,2011-09-18,0.0
403,2011-09-25,0.0
404,2011-10-02,762.6059816519836
405,2011-10-09,0.0
406,2011-10-16,747.0551033886394
407,2011-10-23,0.0
408,2011-10-30,0.0
409,2011-11-06,0.0
410,2011-11-13,436.1169775885627
411,2011-11-20,0.0
412,2011-11-27,0.0
413,2011-12-04,0.0
414,2011-12-11,1888.3949938432515
415,2011-12-18,616.2859682164914
416,2011-12-25,0.0
417,2012-01-01,0.0
418,2012-01-08,0.0
419,2012-01-15,399.13414073850777
420,2012-01-22,0.0
421,2012-01-29,1610.1096521788447
422,2012-02-05,0.0
423,2012-02-12,0.0
424,2012-02-19,2175.7327340017473
425,2012-02-26,452.8668684937711
426,2012-03-04,0.0
427,2012-03-11,0.0
428,2012-03-18,0.0
429,2012-03-25,0.0
430,2012-04-01,0.0
431,2012-04-08,0.0
432,2012-04-15,0.0
433,2012-04-22,0.0
434,2012-04-29,0.0
435,2012-05-06,0.0
436,2012-05-13,0.0
437,2012-05-20,0.0
438,2012-05-27,0.0
439,2012-06-03,0.0
440,2012-06-10,0.0
441,2012-06-17,0.0
442,2012-06-24,0.0
443,2012-07-01,0.0
444,2012-07-08,0.0
445,2012-07-15,509.9025905599438
446,2012-07-22,0.0
447,2012-07-29,0.0
448,2012-08-05,995.0360948165616
449,2012-08-12,0.0
450,2012-08-19,0.0
451,2012-08-26,0.0
452,2012-09-02,0.0
453,2012-09-09,0.0
454,2012-09-16,0.0
455,2012-09-23,967.2947333855763
456,2012-09-30,0.0
457,2012-10-07,0.0
458,2012-10-14,0.0
459,2012-10-21,349.54668454772894
460,2012-10-28,0.0
461,2012-11-04,0.0
462,2012-11-11,498.3243904083366
463,2012-11-18,0.0
464,2012-11-25,0.0
465,2012-12-02,0.0
466,2012-12-09,0.0
467,2012-12-16,1475.7420006917594
468,2012-12-23,0.0
469,2012-12-30,739.7199810651496
470,2013-01-06,902.8800437592992
471,2013-01-13,3033.6726909861013
472,2013-01-20,2435.448250178317
473,2013-01-27,1458.944869108444
474,2013-02-03,1186.673968383538
475,2013-02-10,824.7825985653004
476,2013-02-17,635.3890506827075
477,2013-02-24,0.0
478,2013-03-03,716.9399603453589
479,2013-03-10,740.5350169922606
480,2013-03-17,312.5987182912173
481,2013-03-24,0.0
482,2013-03-31,0.0
483,2013-04-07,0.0
484,2013-04-14,0.0
485,2013-04-21,0.0
486,2013-04-28,0.0
487,2013-05-05,0.0
488,2013-05-12,0.0
489,2013-05-19,0.0
490,2013-05-26,0.0
491,2013-06-02,626.7746836881523
492,2013-06-09,0.0
493,2013-06-16,0.0
494,2013-06-23,824.6900723835558
495,2013-06-30,951.3255778472862
496,2013-07-07,0.0
497,2013-07-14,564.6425326123307
498,2013-07-21,0.0
499,2013-07-28,0.0
500,2013-08-04,0.0
501,2013-08-11,0.0
502,2013-08-18,0.0
503,2013-08-25,0.0
504,2013-09-01,0.0
505,2013-09-08,0.0
506,2013-09-15,0.0
507,2013-09-22,0.0
508,2013-09-29,0.0
509,2013-10-06,0.0
510,2013-10-13,1761.078737883703
511,2013-10-20,1040.322224001454
512,2013-10-27,0.0
513,2013-11-03,368.6922104054476
514,2013-11-10,451.12256002898977
515,2013-11-17,375.5234961661787
516,2013-11-24,0.0
517,2013-12-01,338.757927195933
518,2013-12-08,0.0
519,2013-12-15,0.0
520,2013-12-22,0.0
521,2013-12-29,1347.2949123870867
522,2014-01-05,1017.4134681755185
523,2014-01-12,1139.9973452029171
524,2014-01-19,2017.7678749060767
525,2014-01-26,1793.0929622363622
526,2014-02-02,0.0
527,2014-02-09,358.5050493958622
528,2014-02-16,0.0
529,2014-02-23,0.0
530,2014-03-02,0.0
531,2014-03-09,0.0
532,2014-03-16,0.0
533,2014-03-23,0.0
534,2014-03-30,0.0
535,2014-04-06,0.0
536,2014-04-13,0.0
537,2014-04-20,0.0
538,2014-04-27,266.56640382249066
539,2014-05-04,0.0
540,2014-05-11,0.0
541,2014-05-18,0.0
542,2014-05-25,0.0
543,2014-06-01,0.0
544,2014-06-08,0.0
545,2014-06-15,0.0
546,2014-06-22,0.0
547,2014-06-29,0.0
548,2014-07-06,0.0
549,2014-07-13,0.0
550,2014-07-20,0.0
551,2014-07-27,0.0
552,2014-08-03,0.0
553,2014-08-10,0.0
554,2014-08-17,0.0
555,2014-08-24,0.0
556,2014-08-31,0.0
557,2014-09-07,0.0
558,2014-09-14,0.0
559,2014-09-21,0.0
560,2014-09-28,0.0
561,2014-10-05,0.0
562,2014-10-12,0.0
563,2014-10-19,0.0
564,2014-10-26,363.8250843495269
565,2014-11-02,0.0
566,2014-11-09,0.0
567,2014-11-16,0.0
568,2014-11-23,0.0
569,2014-11-30,0.0
570,2014-12-07,329.36221994904173
571,2014-12-14,1140.1506495761269
572,2014-12-21,1732.361641678248
573,2014-12-28,1659.8478497173073
574,2015-01-04,1324.3790403149035
575,2015-01-11,987.4564406354418
576,2015-01-18,1518.9896051648495
577,2015-01-25,1653.5019776035144
578,2015-02-01,1814.1810955506824
579,2015-02-08,1371.0532305910908
580,2015-02-15,885.8673439499753
581,2015-02-22,257.28442853723857
582,2015-03-01,535.0195055592889
583,2015-03-08,589.1795897627883
584,2015-03-15,0.0
585,2015-03-22,0.0
586,2015-03-29,0.0
587,2015-04-05,0.0
588,2015-04-12,0.0
589,2015-04-19,0.0
590,2015-04-26,462.3426797181289
591,2015-05-03,0.0
592,2015-05-10,451.3144747689662
593,2015-05-17,0.0
594,2015-05-24,0.0
595,2015-05-31,0.0
596,2015-06-07,0.0
597,2015-06-14,0.0
598,2015-06-21,0.0
599,2015-06-28,0.0
600,2015-07-05,0.0
601,2015-07-12,0.0
602,2015-07-19,0.0
603,2015-07-26,0.0
604,2015-08-02,0.0
605,2015-08-09,0.0
606,2015-08-16,298.09549928954704
607,2015-08-23,0.0
608,2015-08-30,0.0
609,2015-09-06,0.0
610,2015-09-13,0.0
611,2015-09-20,689.781642335842
612,2015-09-27,259.0508650182074
613,2015-10-04,0.0
614,2015-10-11,0.0
615,2015-10-18,0.0
616,2015-10-25,0.0
617,2015-11-01,0.0
618,2015-11-08,0.0
619,2015-11-15,0.0
620,2015-11-22,0.0
621,2015-11-29,415.1829892492257
622,2015-12-06,0.0
623,2015-12-13,0.0
624,2015-12-20,0.0
625,2015-12-27,937.7697767178006
626,2016-01-03,204.6411340567304
627,2016-01-10,0.0
628,2016-01-17,845.8341894402953
629,2016-01-24,224.7159294054109
630,2016-01-31,200.75605492962816
631,2016-02-07,0.0
632,2016-02-14,0.0
633,2016-02-21,0.0
634,2016-02-28,309.925135899875
635,2016-03-06,360.5299193435411
636,2016-03-13,618.2871631130366
637,2016-03-20,391.9362748163857
638,2016-03-27,0.0
639,2016-04-03,601.8803551080971
640,2016-04-10,0.0
641,2016-04-17,328.24956754837285
642,2016-04-24,339.2118178709324
643,2016-05-01,286.0471469577145
644,2016-05-08,0.0
645,2016-05-15,0.0
646,2016-05-22,0.0
647,2016-05-29,424.4307726490227
648,2016-06-05,573.5496369094215
649,2016-06-12,0.0
650,2016-06-19,324.7792392634236
651,2016-06-26,0.0
652,2016-07-03,0.0
653,2016-07-10,0.0
654,2016-07-17,0.0
655,2016-07-24,0.0
656,2016-07-31,0.0
657,2016-08-07,0.0
658,2016-08-14,0.0
659,2016-08-21,0.0
660,2016-08-28,0.0
661,2016-09-04,0.0
662,2016-09-11,0.0
663,2016-09-18,0.0
664,2016-09-25,0.0
665,2016-10-02,0.0
666,2016-10-09,0.0
667,2016-10-16,0.0
668,2016-10-23,0.0
669,2016-10-30,0.0
670,2016-11-06,0.0
671,2016-11-13,330.7029004914807
672,2016-11-20,0.0
673,2016-11-27,0.0
674,2016-12-04,153.21670064808103
675,2016-12-11,0.0
676,2016-12-18,502.1017108060006
677,2016-12-25,324.04203896523387
678,2017-01-01,226.50485848765211
679,2017-01-08,187.03910234474967
680,2017-01-15,213.44183730041672
681,2017-01-22,465.6776344956809
682,2017-01-29,370.4658432735302
683,2017-02-05,1017.3090843502287
684,2017-02-12,1136.6549398282586
685,2017-02-19,894.8715873164454
686,2017-02-26,722.8988522516399
687,2017-03-05,768.4165110542785
688,2017-03-12,706.3912161648738
689,2017-03-19,480.1618859295701
690,2017-03-26,173.30539656654832
691,2017-04-02,255.21167465908124
692,2017-04-09,0.0
693,2017-04-16,261.01409251794274
694,2017-04-23,0.0
695,2017-04-30,286.7189414149205
696,2017-05-07,0.0
697,2017-05-14,0.0
698,2017-05-21,0.0
699,2017-05-28,174.7254172711706
700,2017-06-04,295.2841483800627
701,2017-06-11,0.0
702,2017-06-18,0.0
703,2017-06-25,200.03290458110402
704,2017-07-02,0.0
705,2017-07-09,0.0
706,2017-07-16,0.0
707,2017-07-23,213.09305468642117
708,2017-07-30,0.0
709,2017-08-06,188.35436409749383
710,2017-08-13,338.8545098122657
711,2017-08-20,241.08519868558653
712,2017-08-27,0.0
713,2017-09-03,444.5432149154884
714,2017-09-10,0.0
715,2017-09-17,385.4326943905042
716,2017-09-24,441.1432517893968
717,2017-10-01,0.0
718,2017-10-08,0.0
719,2017-10-15,0.0
720,2017-10-22,0.0
721,2017-10-29,0.0
722,2017-11-05,714.8582599496706
723,2017-11-12,604.7832552326097
724,2017-11-19,0.0
725,2017-11-26,584.8371943252972
726,2017-12-03,683.4320257007676
727,2017-12-10,1312.7996736705893
728,2017-12-17,3020.927549049888
729,2017-12-24,1248.7947546712878
730,2017-12-31,2604.6187537031724
731,2018-01-07,3141.7634718852696
732,2018-01-14,2939.0729009587867
733,2018-01-21,4119.385971452829
734,2018-01-28,4600.958534676481
735,2018-02-04,4345.673069260186
736,2018-02-11,3636.394218128026
737,2018-02-18,2208.144763225668
738,2018-02-25,480.9081506807362
739,2018-03-04,600.1564589813781
740,2018-03-11,262.72141423335705
741,2018-03-18,940.0358369133285
742,2018-03-25,0.0
743,2018-04-01,163.09292381079723
744,2018-04-08,188.34838740495917
745,2018-04-15,218.41858263868002
746,2018-04-22,0.0
747,2018-04-29,0.0
748,2018-05-06,0.0
749,2018-05-13,291.8766802578051
750,2018-05-20,0.0
751,2018-05-27,0.0
752,2018-06-03,0.0
753,2018-06-10,0.0
754,2018-06-17,181.83829201648638
755,2018-06-24,151.12229667872882
756,2018-07-01,0.0
757,2018-07-08,0.0
758,2018-07-15,0.0
759,2018-07-22,0.0
760,2018-07-29,0.0
761,2018-08-05,0.0
762,2018-08-12,0.0
763,2018-08-19,0.0
764,2018-08-26,478.9631201809173
765,2018-09-02,0.0
766,2018-09-09,360.4109541282511
767,2018-09-16,0.0
768,2018-09-23,0.0
769,2018-09-30,156.61302206941062
770,2018-10-07,0.0
771,2018-10-14,366.7526266113693
772,2018-10-21,469.031224533235
773,2018-10-28,0.0
774,2018-11-04,245.87355031966123
775,2018-11-11,0.0
776,2018-11-18,225.5985449304243
777,2018-11-25,0.0
778,2018-12-02,0.0
779,2018-12-09,175.9017242398103
780,2018-12-16,258.3647964233614
781,2018-12-23,462.37001440855204
782,2018-12-30,0.0
783,2019-01-06,206.54071769995747
784,2019-01-13,185.26965651658142
785,2019-01-20,913.0317034548372
786,2019-01-27,1540.0462907571257
787,2019-02-03,1819.2113219906505
788,2019-02-10,1242.1046772638506
789,2019-02-17,1127.5724879879147
790,2019-02-24,1485.9882175208254
791,2019-03-03,1256.5529374894372
792,2019-03-10,1682.0794203586975
793,2019-03-17,1062.4853933215077
794,2019-03-24,584.3146826450376
795,2019-03-31,240.84479785817217
796,2019-04-07,0.0
797,2019-04-14,0.0
798,2019-04-21,288.7073433397398
799,2019-04-28,539.5021019598482
800,2019-05-05,0.0
801,2019-05-12,0.0
802,2019-05-19,302.02551537815685
803,2019-05-26,761.947562879813
804,2019-06-02,0.0
805,2019-06-09,251.73731001509404
806,2019-06-16,0.0
807,2019-06-23,0.0
808,2019-06-30,158.48050554451166
809,2019-07-07,0.0
810,2019-07-14,0.0
811,2019-07-21,0.0
812,2019-07-28,0.0
813,2019-08-04,0.0
814,2019-08-11,0.0
815,2019-08-18,503.3863247014341
816,2019-08-25,0.0
817,2019-09-01,175.6048681328345
818,2019-09-08,260.30436583284825
819,2019-09-15,462.5835197556748
820,2019-09-22,137.25756673514394
821,2019-09-29,0.0
822,2019-10-06,472.1101490580108
823,2019-10-13,0.0
824,2019-10-20,0.0
825,2019-10-27,348.9084679485283
826,2019-11-03,194.6469620938729
827,2019-11-10,0.0
828,2019-11-17,575.370195661944
829,2019-11-24,135.67477577711355
830,2019-12-01,453.3105124535026
831,2019-12-08,0.0
832,2019-12-15,1010.3194618937197
833,2019-12-22,1103.7195870507196
834,2019-12-29,863.9329868408338
835,2020-01-05,1136.294769360888
836,2020-01-12,1179.4638960606155
837,2020-01-19,967.550190290607
838,2020-01-26,2744.0484301848765
839,2020-02-02,2372.9512265000494
840,2020-02-09,2568.1630160828418
841,2020-02-16,2121.4544697235247
842,2020-02-23,2131.132196218208
843,2020-03-01,1605.5161155987012
844,2020-03-08,937.7293025935637
845,2020-03-15,393.29860626493183
846,2020-03-22,411.7908932926991
847,2020-03-29,455.1108056473744
848,2020-04-05,0.0
849,2020-04-12,210.6008327471599
850,2020-04-19,0.0
851,2020-04-26,0.0
852,2020-05-03,0.0
853,2020-05-10,0.0
854,2020-05-17,661.6972582689868
855,2020-05-24,0.0
856,2020-05-31,0.0
857,2020-06-07,178.6563004066622
858,2020-06-14,0.0
859,2020-06-21,0.0
860,2020-06-28,0.0
861,2020-07-05,234.89192737658797
862,2020-07-12,0.0
863,2020-07-19,274.4147456543349
864,2020-07-26,0.0
865,2020-08-02,0.0
866,2020-08-09,0.0
867,2020-08-16,467.11633816213146
868,2020-08-23,0.0
869,2020-08-30,0.0
870,2020-09-06,117.7789609327077
871,2020-09-13,0.0
872,2020-09-20,121.31526220856534
873,2020-09-27,299.2933675890426
874,2020-10-04,125.62334370526517
875,2020-10-11,0.0
876,2020-10-18,0.0
877,2020-10-25,0.0
878,2020-11-01,223.71455483980947
879,2020-11-08,0.0
880,2020-11-15,0.0
881,2020-11-22,327.1795948588355
882,2020-11-29,0.0
883,2020-12-06,226.18970788702276
884,2020-12-13,0.0
885,2020-12-20,196.71800779259974
886,2020-12-27,0.0
887,2021-01-03,0.0
888,2021-01-10,0.0
889,2021-01-17,0.0
890,2021-01-24,0.0
891,2021-01-31,271.15317611391686
892,2021-02-07,0.0
893,2021-02-14,0.0
894,2021-02-21,0.0
895,2021-02-28,0.0
896,2021-03-07,238.1701967635265
897,2021-03-14,0.0
898,2021-03-21,0.0
899,2021-03-28,0.0
900,2021-04-04,0.0
901,2021-04-11,220.9817727368838
902,2021-04-18,0.0
903,2021-04-25,163.7988557705313
904,2021-05-02,220.74034669970635
905,2021-05-09,0.0
906,2021-05-16,613.083636653815
907,2021-05-23,154.95456472425784
908,2021-05-30,0.0
909,2021-06-06,299.2975783876712
910,2021-06-13,0.0
911,2021-06-20,0.0
912,2021-06-27,0.0
913,2021-07-04,0.0
914,2021-07-11,0.0
915,2021-07-18,0.0
916,2021-07-25,127.51864830484357
917,2021-08-01,143.12916117128444
918,2021-08-08,0.0
919,2021-08-15,0.0
920,2021-08-22,0.0
921,2021-08-29,393.630755998975
922,2021-09-05,0.0
923,2021-09-12,220.09815638443922
924,2021-09-19,0.0
925,2021-09-26,0.0
926,2021-10-03,298.78605020259454
927,2021-10-10,0.0
928,2021-10-17,150.28637676588406
929,2021-10-24,261.3990697300699
930,2021-10-31,0.0
931,2021-11-07,0.0
932,2021-11-14,0.0
933,2021-11-21,149.31180452162388
934,2021-11-28,285.34418958287284
935,2021-12-05,1008.5249009076107
936,2021-12-12,228.23970210909135
937,2021-12-19,0.0
938,2021-12-26,173.43157127012972
939,2022-01-02,513.2550801693365
940,2022-01-09,186.73696856858652
941,2022-01-16,0.0
942,2022-01-23,243.77078056784754
943,2022-01-30,0.0
944,2022-02-06,0.0
945,2022-02-13,345.11370130323564
946,2022-02-20,0.0
947,2022-02-27,370.4212465442511
948,2022-03-06,615.7586093164339
949,2022-03-13,270.2933580480809
950,2022-03-20,383.63631664390766
951,2022-03-27,0.0
952,2022-04-03,212.34023193654087
953,2022-04-10,264.3865953823902
954,2022-04-17,0.0
955,2022-04-24,231.81658383726756
956,2022-05-01,0.0
957,2022-05-08,391.340347930108
958,2022-05-15,0.0
959,2022-05-22,0.0
960,2022-05-29,0.0
961,2022-06-05,0.0
962,2022-06-12,154.66539846872908
963,2022-06-19,0.0
964,2022-06-26,376.00329151041376
965,2022-07-03,0.0
966,2022-07-10,446.000466790095
967,2022-07-17,0.0
968,2022-07-24,0.0
969,2022-07-31,324.4458003931255
970,2022-08-07,0.0
971,2022-08-14,174.33462210362748
972,2022-08-21,0.0
973,2022-08-28,0.0
974,2022-09-04,141.8519889815131
975,2022-09-11,285.8869219290389
976,2022-09-18,137.87526140252146
977,2022-09-25,0.0
978,2022-10-02,127.49943837975796
979,2022-10-09,309.57553644082174
980,2022-10-16,761.2305612958746
981,2022-10-23,1063.5077532629102
982,2022-10-30,1161.9694866082407
983,2022-11-06,1185.5084216010064
984,2022-11-13,1988.1944035802453
985,2022-11-20,2315.378029647774
986,2022-11-27,2101.0096683856113
987,2022-12-04,1593.3880626885737
988,2022-12-11,1272.0964526143575
989,2022-12-18,872.4059954895389
990,2022-12-25,669.20620823218
991,2023-01-01,390.03135542977776
992,2023-01-08,280.0491757940002
993,2023-01-15,193.48414573607073
994,2023-01-22,177.72387735607262
995,2023-01-29,1067.0980092516486
