,date,how long does the flu last
0,2004-01-04,0.0
1,2004-01-11,0.0
2,2004-01-18,0.0
3,2004-01-25,0.0
4,2004-02-01,0.0
5,2004-02-08,0.0
6,2004-02-15,0.0
7,2004-02-22,0.0
8,2004-02-29,0.0
9,2004-03-07,0.0
10,2004-03-14,0.0
11,2004-03-21,0.0
12,2004-03-28,0.0
13,2004-04-04,0.0
14,2004-04-11,0.0
15,2004-04-18,0.0
16,2004-04-25,0.0
17,2004-05-02,0.0
18,2004-05-09,0.0
19,2004-05-16,275.7933789417007
20,2004-05-23,0.0
21,2004-05-30,0.0
22,2004-06-06,0.0
23,2004-06-13,336.2191001712669
24,2004-06-20,0.0
25,2004-06-27,0.0
26,2004-07-04,0.0
27,2004-07-11,0.0
28,2004-07-18,162.39430453196815
29,2004-07-25,0.0
30,2004-08-01,0.0
31,2004-08-08,0.0
32,2004-08-15,289.596799269046
33,2004-08-22,386.4287090709673
34,2004-08-29,0.0
35,2004-09-05,0.0
36,2004-09-12,0.0
37,2004-09-19,0.0
38,2004-09-26,0.0
39,2004-10-03,0.0
40,2004-10-10,0.0
41,2004-10-17,0.0
42,2004-10-24,0.0
43,2004-10-31,0.0
44,2004-11-07,0.0
45,2004-11-14,157.26195236788624
46,2004-11-21,0.0
47,2004-11-28,164.24945763666926
48,2004-12-05,0.0
49,2004-12-12,0.0
50,2004-12-19,0.0
51,2004-12-26,0.0
52,2005-01-02,0.0
53,2005-01-09,0.0
54,2005-01-16,0.0
55,2005-01-23,0.0
56,2005-01-30,0.0
57,2005-02-06,0.0
58,2005-02-13,0.0
59,2005-02-20,0.0
60,2005-02-27,134.732108187675
61,2005-03-06,0.0
62,2005-03-13,0.0
63,2005-03-20,0.0
64,2005-03-27,0.0
65,2005-04-03,0.0
66,2005-04-10,0.0
67,2005-04-17,0.0
68,2005-04-24,107.58451935145224
69,2005-05-01,0.0
70,2005-05-08,220.20548906627587
71,2005-05-15,0.0
72,2005-05-22,362.4043446666086
73,2005-05-29,0.0
74,2005-06-05,0.0
75,2005-06-12,0.0
76,2005-06-19,0.0
77,2005-06-26,0.0
78,2005-07-03,163.04260547655414
79,2005-07-10,0.0
80,2005-07-17,0.0
81,2005-07-24,0.0
82,2005-07-31,112.98994110832484
83,2005-08-07,113.81684600231641
84,2005-08-14,0.0
85,2005-08-21,0.0
86,2005-08-28,132.6057730854546
87,2005-09-04,0.0
88,2005-09-11,0.0
89,2005-09-18,0.0
90,2005-09-25,0.0
91,2005-10-02,0.0
92,2005-10-09,0.0
93,2005-10-16,0.0
94,2005-10-23,0.0
95,2005-10-30,269.38226839904326
96,2005-11-06,0.0
97,2005-11-13,190.7440417540336
98,2005-11-20,0.0
99,2005-11-27,0.0
100,2005-12-04,0.0
101,2005-12-11,0.0
102,2005-12-18,0.0
103,2005-12-25,0.0
104,2006-01-01,0.0
105,2006-01-08,0.0
106,2006-01-15,0.0
107,2006-01-22,0.0
108,2006-01-29,0.0
109,2006-02-05,0.0
110,2006-02-12,0.0
111,2006-02-19,0.0
112,2006-02-26,0.0
113,2006-03-05,0.0
114,2006-03-12,0.0
115,2006-03-19,0.0
116,2006-03-26,73.60751853362213
117,2006-04-02,83.67698603601872
118,2006-04-09,0.0
119,2006-04-16,0.0
120,2006-04-23,0.0
121,2006-04-30,0.0
122,2006-05-07,0.0
123,2006-05-14,0.0
124,2006-05-21,78.41977595653103
125,2006-05-28,0.0
126,2006-06-04,0.0
127,2006-06-11,0.0
128,2006-06-18,0.0
129,2006-06-25,147.28095102129444
130,2006-07-02,0.0
131,2006-07-09,0.0
132,2006-07-16,0.0
133,2006-07-23,0.0
134,2006-07-30,0.0
135,2006-08-06,0.0
136,2006-08-13,0.0
137,2006-08-20,0.0
138,2006-08-27,0.0
139,2006-09-03,66.7133967577981
140,2006-09-10,0.0
141,2006-09-17,0.0
142,2006-09-24,0.0
143,2006-10-01,0.0
144,2006-10-08,0.0
145,2006-10-15,0.0
146,2006-10-22,79.29363424248406
147,2006-10-29,0.0
148,2006-11-05,0.0
149,2006-11-12,154.6823556644247
150,2006-11-19,0.0
151,2006-11-26,0.0
152,2006-12-03,0.0
153,2006-12-10,118.43197283572947
154,2006-12-17,0.0
155,2006-12-24,0.0
156,2006-12-31,127.57660637911479
157,2007-01-07,0.0
158,2007-01-14,0.0
159,2007-01-21,0.0
160,2007-01-28,0.0
161,2007-02-04,0.0
162,2007-02-11,82.34129752883555
163,2007-02-18,52.55520540928493
164,2007-02-25,0.0
165,2007-03-04,0.0
166,2007-03-11,0.0
167,2007-03-18,0.0
168,2007-03-25,0.0
169,2007-04-01,0.0
170,2007-04-08,0.0
171,2007-04-15,0.0
172,2007-04-22,0.0
173,2007-04-29,0.0
174,2007-05-06,0.0
175,2007-05-13,0.0
176,2007-05-20,0.0
177,2007-05-27,49.52937960071233
178,2007-06-03,0.0
179,2007-06-10,0.0
180,2007-06-17,0.0
181,2007-06-24,0.0
182,2007-07-01,58.74357341437741
183,2007-07-08,0.0
184,2007-07-15,0.0
185,2007-07-22,0.0
186,2007-07-29,0.0
187,2007-08-05,0.0
188,2007-08-12,0.0
189,2007-08-19,0.0
190,2007-08-26,0.0
191,2007-09-02,105.04451364348364
192,2007-09-09,86.17716305095591
193,2007-09-16,0.0
194,2007-09-23,0.0
195,2007-09-30,51.630437616789514
196,2007-10-07,0.0
197,2007-10-14,53.926578066312075
198,2007-10-21,0.0
199,2007-10-28,0.0
200,2007-11-04,0.0
201,2007-11-11,0.0
202,2007-11-18,0.0
203,2007-11-25,47.588954944489046
204,2007-12-02,0.0
205,2007-12-09,0.0
206,2007-12-16,0.0
207,2007-12-23,74.33011892436109
208,2007-12-30,0.0
209,2008-01-06,43.0765156992528
210,2008-01-13,0.0
211,2008-01-20,0.0
212,2008-01-27,0.0
213,2008-02-03,0.0
214,2008-02-10,0.0
215,2008-02-17,0.0
216,2008-02-24,52.060712190722036
217,2008-03-02,102.08026489112572
218,2008-03-09,66.19165132924985
219,2008-03-16,0.0
220,2008-03-23,0.0
221,2008-03-30,0.0
222,2008-04-06,100.53709381346518
223,2008-04-13,0.0
224,2008-04-20,58.2104981794691
225,2008-04-27,0.0
226,2008-05-04,0.0
227,2008-05-11,0.0
228,2008-05-18,51.475708286455095
229,2008-05-25,0.0
230,2008-06-01,0.0
231,2008-06-08,0.0
232,2008-06-15,39.457716828769385
233,2008-06-22,0.0
234,2008-06-29,0.0
235,2008-07-06,0.0
236,2008-07-13,0.0
237,2008-07-20,49.45038480359716
238,2008-07-27,34.84374494714431
239,2008-08-03,0.0
240,2008-08-10,0.0
241,2008-08-17,0.0
242,2008-08-24,0.0
243,2008-08-31,95.89600718780609
244,2008-09-07,0.0
245,2008-09-14,0.0
246,2008-09-21,0.0
247,2008-09-28,0.0
248,2008-10-05,48.09308147764029
249,2008-10-12,60.65215277733146
250,2008-10-19,0.0
251,2008-10-26,0.0
252,2008-11-02,0.0
253,2008-11-09,0.0
254,2008-11-16,0.0
255,2008-11-23,61.954911697505906
256,2008-11-30,0.0
257,2008-12-07,0.0
258,2008-12-14,0.0
259,2008-12-21,0.0
260,2008-12-28,44.197722122645146
261,2009-01-04,0.0
262,2009-01-11,0.0
263,2009-01-18,50.84520544975634
264,2009-01-25,0.0
265,2009-02-01,92.95119148999107
266,2009-02-08,92.45795592195498
267,2009-02-15,0.0
268,2009-02-22,0.0
269,2009-03-01,0.0
270,2009-03-08,59.89928460017749
271,2009-03-15,55.11929853067933
272,2009-03-22,51.0514692459532
273,2009-03-29,34.76533265922514
274,2009-04-05,0.0
275,2009-04-12,0.0
276,2009-04-19,38.68411955531018
277,2009-04-26,0.0
278,2009-05-03,0.0
279,2009-05-10,0.0
280,2009-05-17,0.0
281,2009-05-24,0.0
282,2009-05-31,0.0
283,2009-06-07,0.0
284,2009-06-14,0.0
285,2009-06-21,0.0
286,2009-06-28,0.0
287,2009-07-05,0.0
288,2009-07-12,0.0
289,2009-07-19,0.0
290,2009-07-26,71.44603969788163
291,2009-08-02,0.0
292,2009-08-09,0.0
293,2009-08-16,0.0
294,2009-08-23,0.0
295,2009-08-30,0.0
296,2009-09-06,0.0
297,2009-09-13,0.0
298,2009-09-20,49.04680983912739
299,2009-09-27,0.0
300,2009-10-04,0.0
301,2009-10-11,41.94748982097428
302,2009-10-18,31.211415093917086
303,2009-10-25,62.441761368323775
304,2009-11-01,45.2912882920635
305,2009-11-08,0.0
306,2009-11-15,0.0
307,2009-11-22,48.3468523059533
308,2009-11-29,0.0
309,2009-12-06,0.0
310,2009-12-13,0.0
311,2009-12-20,0.0
312,2009-12-27,0.0
313,2010-01-03,0.0
314,2010-01-10,0.0
315,2010-01-17,0.0
316,2010-01-24,0.0
317,2010-01-31,0.0
318,2010-02-07,51.57322462582678
319,2010-02-14,0.0
320,2010-02-21,0.0
321,2010-02-28,24.2040534730366
322,2010-03-07,0.0
323,2010-03-14,0.0
324,2010-03-21,19.949485877287003
325,2010-03-28,0.0
326,2010-04-04,30.35159652816077
327,2010-04-11,27.786470348933165
328,2010-04-18,0.0
329,2010-04-25,0.0
330,2010-05-02,0.0
331,2010-05-09,0.0
332,2010-05-16,0.0
333,2010-05-23,0.0
334,2010-05-30,0.0
335,2010-06-06,0.0
336,2010-06-13,52.69621285227684
337,2010-06-20,0.0
338,2010-06-27,53.843741383394395
339,2010-07-04,0.0
340,2010-07-11,0.0
341,2010-07-18,0.0
342,2010-07-25,0.0
343,2010-08-01,22.88380761431397
344,2010-08-08,0.0
345,2010-08-15,0.0
346,2010-08-22,0.0
347,2010-08-29,0.0
348,2010-09-05,76.618212335922
349,2010-09-12,0.0
350,2010-09-19,19.026472453890385
351,2010-09-26,18.25891437477241
352,2010-10-03,42.3792544945656
353,2010-10-10,0.0
354,2010-10-17,0.0
355,2010-10-24,0.0
356,2010-10-31,0.0
357,2010-11-07,0.0
358,2010-11-14,37.67199805703415
359,2010-11-21,34.480408470162565
360,2010-11-28,17.860360038133592
361,2010-12-05,32.72542437824532
362,2010-12-12,0.0
363,2010-12-19,0.0
364,2010-12-26,0.0
365,2011-01-02,43.558543480687966
366,2011-01-09,20.600139152039183
367,2011-01-16,16.788361696448636
368,2011-01-23,37.411283788566394
369,2011-01-30,0.0
370,2011-02-06,22.225298699193214
371,2011-02-13,29.385947348035877
372,2011-02-20,26.120949743267964
373,2011-02-27,23.58356235781303
374,2011-03-06,16.01002498591341
375,2011-03-13,0.0
376,2011-03-20,23.905368378123416
377,2011-03-27,52.55781278461913
378,2011-04-03,16.132420817584173
379,2011-04-10,17.121357411065766
380,2011-04-17,0.0
381,2011-04-24,0.0
382,2011-05-01,21.143402803116462
383,2011-05-08,0.0
384,2011-05-15,44.17672829281113
385,2011-05-22,61.3314228423091
386,2011-05-29,0.0
387,2011-06-05,16.0621387848208
388,2011-06-12,17.354395010964414
389,2011-06-19,0.0
390,2011-06-26,0.0
391,2011-07-03,16.235023850196388
392,2011-07-10,0.0
393,2011-07-17,14.240990739720074
394,2011-07-24,15.027194328997837
395,2011-07-31,0.0
396,2011-08-07,0.0
397,2011-08-14,0.0
398,2011-08-21,16.061676794044054
399,2011-08-28,0.0
400,2011-09-04,0.0
401,2011-09-11,39.16561350043132
402,2011-09-18,0.0
403,2011-09-25,0.0
404,2011-10-02,20.393459266565163
405,2011-10-09,19.973502513444753
406,2011-10-16,24.380066341806828
407,2011-10-23,0.0
408,2011-10-30,0.0
409,2011-11-06,20.06487842695135
410,2011-11-13,0.0
411,2011-11-20,18.137423587695814
412,2011-11-27,20.835759175998312
413,2011-12-04,12.993533038770986
414,2011-12-11,17.526043949666157
415,2011-12-18,32.2612145901349
416,2011-12-25,0.0
417,2012-01-01,0.0
418,2012-01-08,26.16141164393796
419,2012-01-15,21.223269319119954
420,2012-01-22,0.0
421,2012-01-29,24.230173506195623
422,2012-02-05,26.58706920041485
423,2012-02-12,12.311501009585884
424,2012-02-19,15.384675550334304
425,2012-02-26,13.521126826367363
426,2012-03-04,15.550405690909795
427,2012-03-11,34.110185644633134
428,2012-03-18,38.569278794211336
429,2012-03-25,0.0
430,2012-04-01,0.0
431,2012-04-08,12.875077756632763
432,2012-04-15,14.907209922934106
433,2012-04-22,39.25868616770718
434,2012-04-29,0.0
435,2012-05-06,13.598871280613125
436,2012-05-13,30.100266800368868
437,2012-05-20,17.142697892218443
438,2012-05-27,0.0
439,2012-06-03,24.034070133276312
440,2012-06-10,0.0
441,2012-06-17,0.0
442,2012-06-24,0.0
443,2012-07-01,0.0
444,2012-07-08,16.43518022734262
445,2012-07-15,0.0
446,2012-07-22,0.0
447,2012-07-29,0.0
448,2012-08-05,0.0
449,2012-08-12,47.87461910677845
450,2012-08-19,0.0
451,2012-08-26,12.80685532592459
452,2012-09-02,0.0
453,2012-09-09,0.0
454,2012-09-16,0.0
455,2012-09-23,0.0
456,2012-09-30,0.0
457,2012-10-07,11.77809202849014
458,2012-10-14,17.400760925559013
459,2012-10-21,0.0
460,2012-10-28,39.93411091604381
461,2012-11-04,29.29651182554884
462,2012-11-11,29.90516539068368
463,2012-11-18,0.0
464,2012-11-25,0.0
465,2012-12-02,0.0
466,2012-12-09,16.14234363876627
467,2012-12-16,12.329819802114017
468,2012-12-23,49.242357527248146
469,2012-12-30,28.6276988927502
470,2013-01-06,62.09587414974118
471,2013-01-13,64.97973338022493
472,2013-01-20,78.54897950760322
473,2013-01-27,101.15346343947994
474,2013-02-03,64.75241447665499
475,2013-02-10,81.47621656497289
476,2013-02-17,63.580313091725145
477,2013-02-24,71.44772958468151
478,2013-03-03,88.35182165118576
479,2013-03-10,57.537390123242076
480,2013-03-17,61.221599792252405
481,2013-03-24,31.235342283824803
482,2013-03-31,32.52544345472521
483,2013-04-07,11.426667985708786
484,2013-04-14,20.50524614485658
485,2013-04-21,0.0
486,2013-04-28,32.01711538737141
487,2013-05-05,0.0
488,2013-05-12,0.0
489,2013-05-19,0.0
490,2013-05-26,0.0
491,2013-06-02,0.0
492,2013-06-09,0.0
493,2013-06-16,66.7564844975838
494,2013-06-23,0.0
495,2013-06-30,0.0
496,2013-07-07,10.679301895562915
497,2013-07-14,13.252256984521143
498,2013-07-21,9.310776779636818
499,2013-07-28,0.0
500,2013-08-04,0.0
501,2013-08-11,0.0
502,2013-08-18,0.0
503,2013-08-25,0.0
504,2013-09-01,26.06416314179879
505,2013-09-08,0.0
506,2013-09-15,22.397505998222915
507,2013-09-22,0.0
508,2013-09-29,13.047171765994978
509,2013-10-06,0.0
510,2013-10-13,14.780781605999307
511,2013-10-20,18.700523771135156
512,2013-10-27,0.0
513,2013-11-03,0.0
514,2013-11-10,9.602830332662423
515,2013-11-17,24.655985388406958
516,2013-11-24,0.0
517,2013-12-01,23.482961725596297
518,2013-12-08,11.825483989443542
519,2013-12-15,13.46813400705432
520,2013-12-22,51.0839638813993
521,2013-12-29,101.70290686929191
522,2014-01-05,74.32151301767942
523,2014-01-12,63.60367937164372
524,2014-01-19,70.56257804503849
525,2014-01-26,89.69992543896032
526,2014-02-02,28.910075342349636
527,2014-02-09,38.827444345022556
528,2014-02-16,0.0
529,2014-02-23,28.134906103218846
530,2014-03-02,0.0
531,2014-03-09,12.771448784505749
532,2014-03-16,16.515448256067707
533,2014-03-23,14.973496265106247
534,2014-03-30,20.865871100520234
535,2014-04-06,16.897556167025826
536,2014-04-13,11.31407545250636
537,2014-04-20,11.751343103377845
538,2014-04-27,26.294675281254456
539,2014-05-04,28.35128921397299
540,2014-05-11,20.502709035722514
541,2014-05-18,16.416121303463868
542,2014-05-25,25.594629876068232
543,2014-06-01,21.88656708433245
544,2014-06-08,0.0
545,2014-06-15,14.188362720568875
546,2014-06-22,0.0
547,2014-06-29,24.513779105813136
548,2014-07-06,0.0
549,2014-07-13,0.0
550,2014-07-20,12.957677529632843
551,2014-07-27,33.054010119228515
552,2014-08-03,0.0
553,2014-08-10,0.0
554,2014-08-17,0.0
555,2014-08-24,14.46552932118058
556,2014-08-31,0.0
557,2014-09-07,0.0
558,2014-09-14,100.15248230546123
559,2014-09-21,37.20144672889322
560,2014-09-28,0.0
561,2014-10-05,0.0
562,2014-10-12,45.90917665958398
563,2014-10-19,18.174335444313535
564,2014-10-26,60.437811624681814
565,2014-11-02,0.0
566,2014-11-09,66.36926813086498
567,2014-11-16,0.0
568,2014-11-23,0.0
569,2014-11-30,0.0
570,2014-12-07,27.232083395710877
571,2014-12-14,12.887425710908305
572,2014-12-21,65.38182686936113
573,2014-12-28,84.20941711289434
574,2015-01-04,75.10835754638607
575,2015-01-11,69.97413158150376
576,2015-01-18,84.36767182376266
577,2015-01-25,78.75746180314034
578,2015-02-01,37.25973707794533
579,2015-02-08,44.02026629980554
580,2015-02-15,80.93743160181037
581,2015-02-22,41.42762214120135
582,2015-03-01,41.856726776168166
583,2015-03-08,34.80859118068725
584,2015-03-15,57.374855885884706
585,2015-03-22,44.07530908545101
586,2015-03-29,22.157620311830865
587,2015-04-05,22.539150795881028
588,2015-04-12,50.24770049404
589,2015-04-19,26.053323017451145
590,2015-04-26,16.82953540048345
591,2015-05-03,0.0
592,2015-05-10,25.733666602001826
593,2015-05-17,19.309242810274682
594,2015-05-24,12.086833948057116
595,2015-05-31,54.575918055823045
596,2015-06-07,0.0
597,2015-06-14,0.0
598,2015-06-21,0.0
599,2015-06-28,29.809189788539054
600,2015-07-05,0.0
601,2015-07-12,0.0
602,2015-07-19,0.0
603,2015-07-26,18.928181884732993
604,2015-08-02,0.0
605,2015-08-09,0.0
606,2015-08-16,11.59127520989992
607,2015-08-23,0.0
608,2015-08-30,0.0
609,2015-09-06,0.0
610,2015-09-13,13.256842055883313
611,2015-09-20,30.824347254621586
612,2015-09-27,47.46739563269881
613,2015-10-04,20.75259792484224
614,2015-10-11,20.9706998287627
615,2015-10-18,0.0
616,2015-10-25,0.0
617,2015-11-01,0.0
618,2015-11-08,0.0
619,2015-11-15,18.208390321422094
620,2015-11-22,18.707826331229573
621,2015-11-29,41.81356324939421
622,2015-12-06,27.72577016027191
623,2015-12-13,14.569979772648926
624,2015-12-20,49.124820374003484
625,2015-12-27,28.836774427659602
626,2016-01-03,26.446917862522984
627,2016-01-10,16.26772315221916
628,2016-01-17,34.12660569946503
629,2016-01-24,38.25669769111032
630,2016-01-31,24.144042059489433
631,2016-02-07,28.526849755533988
632,2016-02-14,27.877507244828873
633,2016-02-21,39.192955008853644
634,2016-02-28,32.98955067051677
635,2016-03-06,14.8795128402245
636,2016-03-13,19.59498511374327
637,2016-03-20,24.865331573985905
638,2016-03-27,11.971583612370265
639,2016-04-03,23.229659676613675
640,2016-04-10,22.83998504460125
641,2016-04-17,25.953666429539663
642,2016-04-24,11.368879903604292
643,2016-05-01,0.0
644,2016-05-08,9.567382405259268
645,2016-05-15,16.068766602495508
646,2016-05-22,14.288402738134135
647,2016-05-29,0.0
648,2016-06-05,0.0
649,2016-06-12,23.874886748433987
650,2016-06-19,11.308632208894103
651,2016-06-26,9.365276992662162
652,2016-07-03,0.0
653,2016-07-10,0.0
654,2016-07-17,0.0
655,2016-07-24,28.718616356869084
656,2016-07-31,0.0
657,2016-08-07,0.0
658,2016-08-14,0.0
659,2016-08-21,9.199401902562713
660,2016-08-28,11.485038516318413
661,2016-09-04,0.0
662,2016-09-11,0.0
663,2016-09-18,25.071876119215524
664,2016-09-25,11.808883439485465
665,2016-10-02,0.0
666,2016-10-09,32.26392798301372
667,2016-10-16,0.0
668,2016-10-23,18.070728970073393
669,2016-10-30,11.795095997227483
670,2016-11-06,11.469565739212637
671,2016-11-13,35.222862703041905
672,2016-11-20,37.6560660180832
673,2016-11-27,19.56325514506583
674,2016-12-04,23.017491927558574
675,2016-12-11,0.0
676,2016-12-18,15.767732493424248
677,2016-12-25,50.35729358093974
678,2017-01-01,24.162518880213007
679,2017-01-08,44.62801351987781
680,2017-01-15,21.52101824828449
681,2017-01-22,34.25181795045882
682,2017-01-29,43.837964262345096
683,2017-02-05,37.968112523085225
684,2017-02-12,34.84308263626599
685,2017-02-19,21.231105846670722
686,2017-02-26,0.0
687,2017-03-05,20.629396439494627
688,2017-03-12,31.977600025054013
689,2017-03-19,29.085952137986812
690,2017-03-26,19.1982448439693
691,2017-04-02,37.27658623639476
692,2017-04-09,13.917985916719106
693,2017-04-16,0.0
694,2017-04-23,24.40768442159806
695,2017-04-30,15.46759225669711
696,2017-05-07,0.0
697,2017-05-14,41.539488133850675
698,2017-05-21,33.236258499540796
699,2017-05-28,8.439164557656879
700,2017-06-04,8.026751742533984
701,2017-06-11,0.0
702,2017-06-18,13.610913464310277
703,2017-06-25,13.70259837498909
704,2017-07-02,0.0
705,2017-07-09,0.0
706,2017-07-16,8.284409866333199
707,2017-07-23,27.36260434472241
708,2017-07-30,18.850546850700344
709,2017-08-06,9.707775919046313
710,2017-08-13,14.016664650145328
711,2017-08-20,15.431799290063939
712,2017-08-27,18.352694947423874
713,2017-09-03,26.945409416729138
714,2017-09-10,16.934239030425008
715,2017-09-17,10.729496292859189
716,2017-09-24,28.279546245234883
717,2017-10-01,0.0
718,2017-10-08,23.27982525109551
719,2017-10-15,10.590735403688177
720,2017-10-22,0.0
721,2017-10-29,19.44065984334973
722,2017-11-05,37.5878848441175
723,2017-11-12,36.753709247952756
724,2017-11-19,25.897269696109653
725,2017-11-26,34.224596822769506
726,2017-12-03,46.870212040654195
727,2017-12-10,52.054180151357684
728,2017-12-17,61.25936555299768
729,2017-12-24,142.39520419761746
730,2017-12-31,194.840943857126
731,2018-01-07,175.74677687174412
732,2018-01-14,113.0458747048849
733,2018-01-21,120.68749211136846
734,2018-01-28,120.71725529165384
735,2018-02-04,114.76982614954387
736,2018-02-11,80.62615540889989
737,2018-02-18,72.83258843725979
738,2018-02-25,72.72041039764544
739,2018-03-04,52.818180476756986
740,2018-03-11,56.910952257852415
741,2018-03-18,53.19896528632176
742,2018-03-25,12.599672285993467
743,2018-04-01,37.367458315692716
744,2018-04-08,35.80360071265041
745,2018-04-15,26.52063704740041
746,2018-04-22,0.0
747,2018-04-29,9.907034988265652
748,2018-05-06,17.4415141270544
749,2018-05-13,0.0
750,2018-05-20,12.475932620332308
751,2018-05-27,10.871069080714006
752,2018-06-03,26.341807724717892
753,2018-06-10,0.0
754,2018-06-17,7.531562467957612
755,2018-06-24,19.82282369034352
756,2018-07-01,10.633209384597853
757,2018-07-08,10.892104692183677
758,2018-07-15,10.941120445720596
759,2018-07-22,0.0
760,2018-07-29,0.0
761,2018-08-05,8.374466930818077
762,2018-08-12,0.0
763,2018-08-19,15.894889405196375
764,2018-08-26,0.0
765,2018-09-02,16.161565557061767
766,2018-09-09,12.913543055737303
767,2018-09-16,0.0
768,2018-09-23,16.611018908995717
769,2018-09-30,0.0
770,2018-10-07,13.058090727868835
771,2018-10-14,16.32159254231005
772,2018-10-21,19.592345121536212
773,2018-10-28,16.38942206259291
774,2018-11-04,42.00524742809609
775,2018-11-11,0.0
776,2018-11-18,33.053637676159404
777,2018-11-25,43.8772046134774
778,2018-12-02,18.108044052558416
779,2018-12-09,31.79037103547902
780,2018-12-16,61.40302364761864
781,2018-12-23,84.56669388970005
782,2018-12-30,37.31152495974094
783,2019-01-06,59.010585416232026
784,2019-01-13,32.78338050534007
785,2019-01-20,57.47492727571115
786,2019-01-27,71.69512557304432
787,2019-02-03,33.64865343532781
788,2019-02-10,60.812816111864585
789,2019-02-17,85.04422184094739
790,2019-02-24,28.807010667464954
791,2019-03-03,80.03664677388791
792,2019-03-10,67.93160867670332
793,2019-03-17,43.08557429494765
794,2019-03-24,21.83351181317127
795,2019-03-31,44.65610518681501
796,2019-04-07,0.0
797,2019-04-14,36.28972697045007
798,2019-04-21,0.0
799,2019-04-28,27.600048664807233
800,2019-05-05,32.275993950962224
801,2019-05-12,31.953818551085305
802,2019-05-19,31.21772047704621
803,2019-05-26,41.51841514741079
804,2019-06-02,16.51631945595465
805,2019-06-09,22.374709209048273
806,2019-06-16,0.0
807,2019-06-23,9.846503363460801
808,2019-06-30,21.117191809254543
809,2019-07-07,12.546867983091612
810,2019-07-14,0.0
811,2019-07-21,0.0
812,2019-07-28,0.0
813,2019-08-04,7.761302291844368
814,2019-08-11,0.0
815,2019-08-18,0.0
816,2019-08-25,19.83337426401945
817,2019-09-01,26.69333689537722
818,2019-09-08,18.02892712484292
819,2019-09-15,16.23616907103226
820,2019-09-22,12.995129106133378
821,2019-09-29,30.560951787288484
822,2019-10-06,40.73354105234669
823,2019-10-13,35.86674380164033
824,2019-10-20,31.241833302281037
825,2019-10-27,7.7668078073109825
826,2019-11-03,28.80206000580177
827,2019-11-10,34.408730113503196
828,2019-11-17,42.0469212845862
829,2019-11-24,20.40078595858487
830,2019-12-01,64.2935276526037
831,2019-12-08,87.11410617124416
832,2019-12-15,62.69261482190054
833,2019-12-22,87.312838945244
834,2019-12-29,154.76707164547165
835,2020-01-05,111.98583490664409
836,2020-01-12,100.70947504111176
837,2020-01-19,121.72369640527462
838,2020-01-26,99.30971409306399
839,2020-02-02,86.92658790460979
840,2020-02-09,114.34898827879552
841,2020-02-16,99.92234364816325
842,2020-02-23,97.04382354467626
843,2020-03-01,119.59697363163565
844,2020-03-08,120.32442531881381
845,2020-03-15,89.31017545112904
846,2020-03-22,76.26823833579677
847,2020-03-29,45.79274592908248
848,2020-04-05,39.81280713505381
849,2020-04-12,27.203651051425602
850,2020-04-19,26.370916136617712
851,2020-04-26,5.682107465588109
852,2020-05-03,17.555000072338327
853,2020-05-10,14.417388583444259
854,2020-05-17,18.727740348866398
855,2020-05-24,16.546094013926147
856,2020-05-31,0.0
857,2020-06-07,0.0
858,2020-06-14,9.03556567355656
859,2020-06-21,11.057450402868891
860,2020-06-28,9.466192908930859
861,2020-07-05,14.633705754602248
862,2020-07-12,15.92898129164695
863,2020-07-19,25.260302073430307
864,2020-07-26,12.81374232554668
865,2020-08-02,14.43053119006177
866,2020-08-09,13.083339046120244
867,2020-08-16,16.25840961871098
868,2020-08-23,11.793106815939984
869,2020-08-30,20.130924518539146
870,2020-09-06,11.20634964860276
871,2020-09-13,6.5028227546510635
872,2020-09-20,33.74754658419954
873,2020-09-27,11.26185427943692
874,2020-10-04,10.178533394408797
875,2020-10-11,13.052547135110345
876,2020-10-18,11.265259553398739
877,2020-10-25,0.0
878,2020-11-01,11.306768178827902
879,2020-11-08,25.732808988170287
880,2020-11-15,16.957889684336525
881,2020-11-22,9.976663423432864
882,2020-11-29,17.634063054330433
883,2020-12-06,51.616535623081944
884,2020-12-13,22.619079782828088
885,2020-12-20,0.0
886,2020-12-27,13.170335486295853
887,2021-01-03,30.11140159669113
888,2021-01-10,16.3473119106515
889,2021-01-17,0.0
890,2021-01-24,13.696951198254238
891,2021-01-31,17.18479482789547
892,2021-02-07,7.36227323789986
893,2021-02-14,15.025775091286077
894,2021-02-21,0.0
895,2021-02-28,0.0
896,2021-03-07,0.0
897,2021-03-14,0.0
898,2021-03-21,0.0
899,2021-03-28,0.0
900,2021-04-04,12.755356501489405
901,2021-04-11,10.718584754938597
902,2021-04-18,29.931809076438295
903,2021-04-25,0.0
904,2021-05-02,9.297841176171913
905,2021-05-09,18.536367502127153
906,2021-05-16,0.0
907,2021-05-23,0.0
908,2021-05-30,9.545573748573311
909,2021-06-06,0.0
910,2021-06-13,0.0
911,2021-06-20,0.0
912,2021-06-27,9.778400781741853
913,2021-07-04,19.123894284470616
914,2021-07-11,0.0
915,2021-07-18,0.0
916,2021-07-25,11.796834083702802
917,2021-08-01,0.0
918,2021-08-08,17.66459750241952
919,2021-08-15,15.186065988168522
920,2021-08-22,7.794874069948862
921,2021-08-29,10.69335954543576
922,2021-09-05,11.54200691087498
923,2021-09-12,27.668173395213216
924,2021-09-19,12.408415651844454
925,2021-09-26,28.20010292225834
926,2021-10-03,24.68129952063188
927,2021-10-10,16.909633143268838
928,2021-10-17,25.52676370872937
929,2021-10-24,18.36409425054345
930,2021-10-31,18.154778585521473
931,2021-11-07,12.222895775281973
932,2021-11-14,13.254410154123464
933,2021-11-21,9.357418678650196
934,2021-11-28,21.478947012808383
935,2021-12-05,32.726660423305894
936,2021-12-12,30.37812170768349
937,2021-12-19,0.0
938,2021-12-26,13.304630312100187
939,2022-01-02,46.901556362627886
940,2022-01-09,48.84937448697191
941,2022-01-16,26.216536175565523
942,2022-01-23,35.68633087855589
943,2022-01-30,0.0
944,2022-02-06,0.0
945,2022-02-13,18.544047710763373
946,2022-02-20,14.219100136300943
947,2022-02-27,15.127077207683852
948,2022-03-06,20.486375003156514
949,2022-03-13,29.39421022552069
950,2022-03-20,0.0
951,2022-03-27,6.853804638164357
952,2022-04-03,0.0
953,2022-04-10,20.20978541241292
954,2022-04-17,17.59002543565962
955,2022-04-24,12.401630110122126
956,2022-05-01,10.0911984517437
957,2022-05-08,19.35791082636275
958,2022-05-15,28.366191562706966
959,2022-05-22,35.54489830101294
960,2022-05-29,17.457979288378688
961,2022-06-05,16.36256178054771
962,2022-06-12,21.85185779818554
963,2022-06-19,11.223867348912117
964,2022-06-26,0.0
965,2022-07-03,23.509209884072465
966,2022-07-10,12.632219678467832
967,2022-07-17,37.27887807858595
968,2022-07-24,26.695839769556855
969,2022-07-31,10.963860142407038
970,2022-08-07,7.303677832294959
971,2022-08-14,19.337668085971384
972,2022-08-21,0.0
973,2022-08-28,0.0
974,2022-09-04,28.928745113596907
975,2022-09-11,9.445565623238442
976,2022-09-18,12.931908697729318
977,2022-09-25,33.49601753170594
978,2022-10-02,32.693529296200225
979,2022-10-09,26.07665762511636
980,2022-10-16,38.21352909008393
981,2022-10-23,32.555552799527256
982,2022-10-30,46.14768668850166
983,2022-11-06,88.7898234129594
984,2022-11-13,116.38142672568671
985,2022-11-20,122.86744074975891
986,2022-11-27,123.28147228202482
987,2022-12-04,120.40409821743307
988,2022-12-11,84.80050644077441
989,2022-12-18,111.37347052735262
990,2022-12-25,86.45129781914268
991,2023-01-01,50.63175685772282
992,2023-01-08,26.470966733257768
993,2023-01-15,13.085240559660425
994,2023-01-22,29.39550815167362
995,2023-01-29,0.0
