,date,/m/0j5fv
0,2004-01-04,0.0
1,2004-01-11,0.0
2,2004-01-18,11667.047381543169
3,2004-01-25,0.0
4,2004-02-01,19274.481257559815
5,2004-02-08,24951.56263204229
6,2004-02-15,0.0
7,2004-02-22,0.0
8,2004-02-29,0.0
9,2004-03-07,0.0
10,2004-03-14,0.0
11,2004-03-21,0.0
12,2004-03-28,12357.491344814762
13,2004-04-04,0.0
14,2004-04-11,0.0
15,2004-04-18,37675.642591258926
16,2004-04-25,0.0
17,2004-05-02,10218.585748927095
18,2004-05-09,0.0
19,2004-05-16,0.0
20,2004-05-23,16881.033120115997
21,2004-05-30,0.0
22,2004-06-06,17050.21494271824
23,2004-06-13,0.0
24,2004-06-20,0.0
25,2004-06-27,0.0
26,2004-07-04,0.0
27,2004-07-11,0.0
28,2004-07-18,0.0
29,2004-07-25,0.0
30,2004-08-01,0.0
31,2004-08-08,0.0
32,2004-08-15,0.0
33,2004-08-22,0.0
34,2004-08-29,0.0
35,2004-09-05,10314.204765714778
36,2004-09-12,9610.058041764645
37,2004-09-19,0.0
38,2004-09-26,0.0
39,2004-10-03,0.0
40,2004-10-10,0.0
41,2004-10-17,0.0
42,2004-10-24,0.0
43,2004-10-31,0.0
44,2004-11-07,0.0
45,2004-11-14,0.0
46,2004-11-21,17257.43525122703
47,2004-11-28,0.0
48,2004-12-05,0.0
49,2004-12-12,0.0
50,2004-12-19,19106.366026193587
51,2004-12-26,0.0
52,2005-01-02,0.0
53,2005-01-09,0.0
54,2005-01-16,17984.96239069515
55,2005-01-23,0.0
56,2005-01-30,13764.580928729034
57,2005-02-06,0.0
58,2005-02-13,0.0
59,2005-02-20,0.0
60,2005-02-27,0.0
61,2005-03-06,0.0
62,2005-03-13,0.0
63,2005-03-20,15762.558412560154
64,2005-03-27,0.0
65,2005-04-03,0.0
66,2005-04-10,11973.485256831973
67,2005-04-17,0.0
68,2005-04-24,0.0
69,2005-05-01,0.0
70,2005-05-08,0.0
71,2005-05-15,0.0
72,2005-05-22,0.0
73,2005-05-29,0.0
74,2005-06-05,0.0
75,2005-06-12,0.0
76,2005-06-19,12359.686716864791
77,2005-06-26,0.0
78,2005-07-03,0.0
79,2005-07-10,0.0
80,2005-07-17,0.0
81,2005-07-24,0.0
82,2005-07-31,0.0
83,2005-08-07,0.0
84,2005-08-14,0.0
85,2005-08-21,0.0
86,2005-08-28,0.0
87,2005-09-04,5898.885870244031
88,2005-09-11,0.0
89,2005-09-18,0.0
90,2005-09-25,0.0
91,2005-10-02,0.0
92,2005-10-09,0.0
93,2005-10-16,5776.910608720716
94,2005-10-23,0.0
95,2005-10-30,0.0
96,2005-11-06,0.0
97,2005-11-13,8947.779613204522
98,2005-11-20,0.0
99,2005-11-27,0.0
100,2005-12-04,0.0
101,2005-12-11,11138.941248755382
102,2005-12-18,0.0
103,2005-12-25,9158.627773227257
104,2006-01-01,17581.800441520765
105,2006-01-08,0.0
106,2006-01-15,0.0
107,2006-01-22,0.0
108,2006-01-29,0.0
109,2006-02-05,0.0
110,2006-02-12,0.0
111,2006-02-19,0.0
112,2006-02-26,0.0
113,2006-03-05,0.0
114,2006-03-12,0.0
115,2006-03-19,0.0
116,2006-03-26,0.0
117,2006-04-02,0.0
118,2006-04-09,0.0
119,2006-04-16,0.0
120,2006-04-23,0.0
121,2006-04-30,4858.099826778432
122,2006-05-07,0.0
123,2006-05-14,0.0
124,2006-05-21,0.0
125,2006-05-28,7453.76134938188
126,2006-06-04,0.0
127,2006-06-11,0.0
128,2006-06-18,0.0
129,2006-06-25,7734.413808887287
130,2006-07-02,22870.889301143106
131,2006-07-09,0.0
132,2006-07-16,0.0
133,2006-07-23,0.0
134,2006-07-30,0.0
135,2006-08-06,0.0
136,2006-08-13,0.0
137,2006-08-20,0.0
138,2006-08-27,0.0
139,2006-09-03,11014.173243799012
140,2006-09-10,0.0
141,2006-09-17,0.0
142,2006-09-24,0.0
143,2006-10-01,0.0
144,2006-10-08,0.0
145,2006-10-15,0.0
146,2006-10-22,9821.647777706336
147,2006-10-29,0.0
148,2006-11-05,7715.688398103346
149,2006-11-12,0.0
150,2006-11-19,6913.045304087563
151,2006-11-26,0.0
152,2006-12-03,3922.3088955430526
153,2006-12-10,0.0
154,2006-12-17,0.0
155,2006-12-24,0.0
156,2006-12-31,6559.282054257908
157,2007-01-07,7635.972096726465
158,2007-01-14,0.0
159,2007-01-21,0.0
160,2007-01-28,0.0
161,2007-02-04,0.0
162,2007-02-11,0.0
163,2007-02-18,0.0
164,2007-02-25,0.0
165,2007-03-04,10996.687805549569
166,2007-03-11,0.0
167,2007-03-18,0.0
168,2007-03-25,5479.213050143105
169,2007-04-01,0.0
170,2007-04-08,0.0
171,2007-04-15,0.0
172,2007-04-22,0.0
173,2007-04-29,0.0
174,2007-05-06,0.0
175,2007-05-13,0.0
176,2007-05-20,6556.224157791869
177,2007-05-27,0.0
178,2007-06-03,0.0
179,2007-06-10,0.0
180,2007-06-17,7533.108219576321
181,2007-06-24,0.0
182,2007-07-01,0.0
183,2007-07-08,0.0
184,2007-07-15,0.0
185,2007-07-22,0.0
186,2007-07-29,0.0
187,2007-08-05,0.0
188,2007-08-12,8073.819737784006
189,2007-08-19,0.0
190,2007-08-26,0.0
191,2007-09-02,0.0
192,2007-09-09,0.0
193,2007-09-16,0.0
194,2007-09-23,0.0
195,2007-09-30,5593.831598414894
196,2007-10-07,4733.887924665883
197,2007-10-14,4156.810468440238
198,2007-10-21,0.0
199,2007-10-28,0.0
200,2007-11-04,0.0
201,2007-11-11,0.0
202,2007-11-18,0.0
203,2007-11-25,8295.991484876533
204,2007-12-02,0.0
205,2007-12-09,0.0
206,2007-12-16,0.0
207,2007-12-23,8226.79259804599
208,2007-12-30,0.0
209,2008-01-06,0.0
210,2008-01-13,15267.937696754208
211,2008-01-20,0.0
212,2008-01-27,7417.2671113224715
213,2008-02-03,15304.603670650375
214,2008-02-10,8633.713951673999
215,2008-02-17,0.0
216,2008-02-24,0.0
217,2008-03-02,0.0
218,2008-03-09,5743.793372239969
219,2008-03-16,2992.064425966748
220,2008-03-23,0.0
221,2008-03-30,5051.354723244978
222,2008-04-06,0.0
223,2008-04-13,4234.790462702864
224,2008-04-20,0.0
225,2008-04-27,5176.077009805903
226,2008-05-04,5774.8974390286885
227,2008-05-11,0.0
228,2008-05-18,0.0
229,2008-05-25,0.0
230,2008-06-01,0.0
231,2008-06-08,6873.757233401266
232,2008-06-15,6137.141714360924
233,2008-06-22,5149.267309446373
234,2008-06-29,0.0
235,2008-07-06,8487.646923533082
236,2008-07-13,0.0
237,2008-07-20,0.0
238,2008-07-27,0.0
239,2008-08-03,9715.163849522974
240,2008-08-10,0.0
241,2008-08-17,3382.3300959391418
242,2008-08-24,0.0
243,2008-08-31,0.0
244,2008-09-07,3922.7754132613886
245,2008-09-14,0.0
246,2008-09-21,0.0
247,2008-09-28,0.0
248,2008-10-05,4555.845212997628
249,2008-10-12,4557.351368299001
250,2008-10-19,0.0
251,2008-10-26,0.0
252,2008-11-02,0.0
253,2008-11-09,0.0
254,2008-11-16,0.0
255,2008-11-23,9576.759271955607
256,2008-11-30,0.0
257,2008-12-07,0.0
258,2008-12-14,0.0
259,2008-12-21,0.0
260,2008-12-28,0.0
261,2009-01-04,4059.209218732194
262,2009-01-11,4410.258231772153
263,2009-01-18,3696.958814698696
264,2009-01-25,8337.830253656002
265,2009-02-01,6120.162005117693
266,2009-02-08,6874.724868503658
267,2009-02-15,8680.939989420023
268,2009-02-22,2437.9585580408993
269,2009-03-01,2890.833113278975
270,2009-03-08,0.0
271,2009-03-15,0.0
272,2009-03-22,0.0
273,2009-03-29,2812.602351894686
274,2009-04-05,0.0
275,2009-04-12,2925.2047065867073
276,2009-04-19,3213.6202439405356
277,2009-04-26,3493.7230856614237
278,2009-05-03,0.0
279,2009-05-10,0.0
280,2009-05-17,3332.984077653527
281,2009-05-24,2773.480567829359
282,2009-05-31,0.0
283,2009-06-07,0.0
284,2009-06-14,4087.319896205406
285,2009-06-21,0.0
286,2009-06-28,13784.848481705372
287,2009-07-05,0.0
288,2009-07-12,0.0
289,2009-07-19,2897.8171643099354
290,2009-07-26,3943.7809365169423
291,2009-08-02,0.0
292,2009-08-09,0.0
293,2009-08-16,0.0
294,2009-08-23,0.0
295,2009-08-30,0.0
296,2009-09-06,0.0
297,2009-09-13,0.0
298,2009-09-20,2690.1189260168035
299,2009-09-27,0.0
300,2009-10-04,0.0
301,2009-10-11,0.0
302,2009-10-18,0.0
303,2009-10-25,0.0
304,2009-11-01,3414.0582855342204
305,2009-11-08,2527.7436122258764
306,2009-11-15,0.0
307,2009-11-22,0.0
308,2009-11-29,0.0
309,2009-12-06,0.0
310,2009-12-13,0.0
311,2009-12-20,4102.041652029857
312,2009-12-27,0.0
313,2010-01-03,9263.862829649732
314,2010-01-10,0.0
315,2010-01-17,0.0
316,2010-01-24,7633.8710579815115
317,2010-01-31,0.0
318,2010-02-07,6001.414172862141
319,2010-02-14,5852.9170958047525
320,2010-02-21,0.0
321,2010-02-28,0.0
322,2010-03-07,7941.144567283991
323,2010-03-14,7178.079862470882
324,2010-03-21,3606.133223831172
325,2010-03-28,5478.942066746965
326,2010-04-04,0.0
327,2010-04-11,3104.6706485822115
328,2010-04-18,0.0
329,2010-04-25,3745.631430762716
330,2010-05-02,0.0
331,2010-05-09,0.0
332,2010-05-16,0.0
333,2010-05-23,0.0
334,2010-05-30,7936.540785797001
335,2010-06-06,0.0
336,2010-06-13,0.0
337,2010-06-20,4846.357513576109
338,2010-06-27,0.0
339,2010-07-04,6025.407021818185
340,2010-07-11,0.0
341,2010-07-18,3647.0431322488553
342,2010-07-25,3240.621103867437
343,2010-08-01,0.0
344,2010-08-08,3206.9459042228277
345,2010-08-15,2742.3796602758907
346,2010-08-22,5017.344197768165
347,2010-08-29,0.0
348,2010-09-05,0.0
349,2010-09-12,5703.5401223655945
350,2010-09-19,0.0
351,2010-09-26,0.0
352,2010-10-03,0.0
353,2010-10-10,0.0
354,2010-10-17,3010.9327961971485
355,2010-10-24,0.0
356,2010-10-31,2849.4329085576114
357,2010-11-07,0.0
358,2010-11-14,3609.3656097134067
359,2010-11-21,0.0
360,2010-11-28,0.0
361,2010-12-05,0.0
362,2010-12-12,0.0
363,2010-12-19,0.0
364,2010-12-26,0.0
365,2011-01-02,0.0
366,2011-01-09,2169.36246076431
367,2011-01-16,2278.927033368856
368,2011-01-23,2108.630473113306
369,2011-01-30,0.0
370,2011-02-06,1976.561230473418
371,2011-02-13,4132.673589134931
372,2011-02-20,1082.364522461873
373,2011-02-27,3556.862986868004
374,2011-03-06,1685.0306026491355
375,2011-03-13,1032.9536383680909
376,2011-03-20,2793.114823128905
377,2011-03-27,1737.204006651621
378,2011-04-03,1131.1029350841914
379,2011-04-10,1702.7648560291434
380,2011-04-17,0.0
381,2011-04-24,2139.354047533682
382,2011-05-01,1888.669415994991
383,2011-05-08,0.0
384,2011-05-15,1879.6500952310937
385,2011-05-22,0.0
386,2011-05-29,4549.124246953745
387,2011-06-05,1773.8246138944767
388,2011-06-12,0.0
389,2011-06-19,5042.973348365487
390,2011-06-26,3018.0133148061727
391,2011-07-03,3708.0867837958413
392,2011-07-10,0.0
393,2011-07-17,2651.8454137861027
394,2011-07-24,0.0
395,2011-07-31,1700.1359609909402
396,2011-08-07,4917.751384663735
397,2011-08-14,0.0
398,2011-08-21,0.0
399,2011-08-28,1391.5064353377572
400,2011-09-04,4608.844980099088
401,2011-09-11,0.0
402,2011-09-18,3014.1298967804228
403,2011-09-25,2537.537094691444
404,2011-10-02,2137.3518323895146
405,2011-10-09,1037.565528680989
406,2011-10-16,0.0
407,2011-10-23,2668.7104305159464
408,2011-10-30,2334.348655688941
409,2011-11-06,1712.949195583098
410,2011-11-13,1651.4331078212974
411,2011-11-20,0.0
412,2011-11-27,2733.8028187525447
413,2011-12-04,2816.8574902819123
414,2011-12-11,1288.9193642239659
415,2011-12-18,2798.3393004815334
416,2011-12-25,0.0
417,2012-01-01,1166.662599553142
418,2012-01-08,2245.8380539313753
419,2012-01-15,2684.2112953598157
420,2012-01-22,3931.7638397980213
421,2012-01-29,1050.7351572772354
422,2012-02-05,0.0
423,2012-02-12,6363.697521944809
424,2012-02-19,0.0
425,2012-02-26,2882.8920318237847
426,2012-03-04,3542.412255411875
427,2012-03-11,1010.7622113228845
428,2012-03-18,1987.7858109940908
429,2012-03-25,1079.659165013131
430,2012-04-01,3235.5825662364978
431,2012-04-08,1401.2290675885854
432,2012-04-15,2714.154256975384
433,2012-04-22,0.0
434,2012-04-29,1748.537808428173
435,2012-05-06,3166.854467487041
436,2012-05-13,1689.8297114944519
437,2012-05-20,3348.6842251644166
438,2012-05-27,1495.5837705815431
439,2012-06-03,1811.90397925593
440,2012-06-10,2165.3957363273553
441,2012-06-17,3571.6713924668757
442,2012-06-24,2152.275918463227
443,2012-07-01,3236.3710997716166
444,2012-07-08,2925.574588369592
445,2012-07-15,2904.051976230878
446,2012-07-22,2408.299844493286
447,2012-07-29,1344.6489124553611
448,2012-08-05,2125.8268648292183
449,2012-08-12,2694.5647850940063
450,2012-08-19,2868.66452998068
451,2012-08-26,2944.6450705558286
452,2012-09-02,1621.6389449740075
453,2012-09-09,2726.2332217834232
454,2012-09-16,1796.0415195607409
455,2012-09-23,3854.5275247227896
456,2012-09-30,733.6488895622643
457,2012-10-07,2581.2652210822203
458,2012-10-14,0.0
459,2012-10-21,2026.7766127070945
460,2012-10-28,2315.1849926498253
461,2012-11-04,3019.271185799233
462,2012-11-11,2788.9320603358133
463,2012-11-18,1826.2572224810494
464,2012-11-25,3132.6795502910045
465,2012-12-02,1913.8785276506155
466,2012-12-09,1355.285978099775
467,2012-12-16,1735.2741223141275
468,2012-12-23,2773.2290971983616
469,2012-12-30,1931.648099701215
470,2013-01-06,1638.545534598381
471,2013-01-13,3484.461867316332
472,2013-01-20,0.0
473,2013-01-27,2804.346507631563
474,2013-02-03,3897.3763585182264
475,2013-02-10,1808.1617187091772
476,2013-02-17,2143.784731571582
477,2013-02-24,1172.8983861030356
478,2013-03-03,3097.1077507962054
479,2013-03-10,1247.4391612372087
480,2013-03-17,816.8610456959675
481,2013-03-24,1167.6031835435115
482,2013-03-31,1154.1411139876202
483,2013-04-07,1806.4455104029487
484,2013-04-14,1743.7820107201371
485,2013-04-21,2015.0478218762782
486,2013-04-28,1252.2193343569554
487,2013-05-05,3438.250737555503
488,2013-05-12,1489.282630443912
489,2013-05-19,1218.4865701994574
490,2013-05-26,4248.946111828918
491,2013-06-02,1918.656649264053
492,2013-06-09,0.0
493,2013-06-16,3158.040165645309
494,2013-06-23,1704.5505614765423
495,2013-06-30,2195.3916761565183
496,2013-07-07,1600.8019477147736
497,2013-07-14,2068.6807266768496
498,2013-07-21,1875.5666146791768
499,2013-07-28,2234.328276226363
500,2013-08-04,3319.5236364253637
501,2013-08-11,3591.827982423636
502,2013-08-18,1857.2858271149976
503,2013-08-25,3058.3550600930735
504,2013-09-01,2347.5700488093507
505,2013-09-08,3833.6723315787076
506,2013-09-15,2386.75510139821
507,2013-09-22,3713.041451984198
508,2013-09-29,2190.6274698422494
509,2013-10-06,1769.275470448228
510,2013-10-13,0.0
511,2013-10-20,0.0
512,2013-10-27,3049.8912033385877
513,2013-11-03,1049.1362441688902
514,2013-11-10,2512.986374442501
515,2013-11-17,1549.038999455151
516,2013-11-24,2395.4851867811158
517,2013-12-01,1994.711790419531
518,2013-12-08,1294.8573009671234
519,2013-12-15,3438.143563683254
520,2013-12-22,1757.6158408694255
521,2013-12-29,3836.9315263252706
522,2014-01-05,4079.2974963408637
523,2014-01-12,1807.1517418472445
524,2014-01-19,3903.4225554589575
525,2014-01-26,3102.6718133662894
526,2014-02-02,3059.1303100537048
527,2014-02-09,2466.8207406581528
528,2014-02-16,2568.012663551335
529,2014-02-23,2106.488413334803
530,2014-03-02,3080.4248545756673
531,2014-03-09,1915.0869871424852
532,2014-03-16,2528.678466886295
533,2014-03-23,3104.6463977552035
534,2014-03-30,1513.515824166481
535,2014-04-06,3920.4761988253604
536,2014-04-13,2435.4808723968185
537,2014-04-20,3239.2611680305554
538,2014-04-27,3978.660970535817
539,2014-05-04,590.5668399256849
540,2014-05-11,2785.5717356887035
541,2014-05-18,2181.323542304374
542,2014-05-25,3132.498448943176
543,2014-06-01,1677.8989109988077
544,2014-06-08,3081.112905213444
545,2014-06-15,2635.2476075946206
546,2014-06-22,1945.3897932457307
547,2014-06-29,4340.266966821639
548,2014-07-06,2919.457932287576
549,2014-07-13,760.4116156275403
550,2014-07-20,953.9647573884353
551,2014-07-27,3853.3231637003864
552,2014-08-03,2029.8244072766233
553,2014-08-10,4447.652672178918
554,2014-08-17,1594.8823391073686
555,2014-08-24,1182.8042185347522
556,2014-08-31,1966.2286468495488
557,2014-09-07,5380.3065989650795
558,2014-09-14,1262.7266371446435
559,2014-09-21,2052.058130184425
560,2014-09-28,2416.1828895275435
561,2014-10-05,2007.2568318899346
562,2014-10-12,2619.8484597224956
563,2014-10-19,0.0
564,2014-10-26,2687.0290608149694
565,2014-11-02,2618.7681795473914
566,2014-11-09,2059.922689412701
567,2014-11-16,3030.1401635579523
568,2014-11-23,879.3552709611597
569,2014-11-30,2109.710354258867
570,2014-12-07,1028.8919942701389
571,2014-12-14,1268.6725571526151
572,2014-12-21,0.0
573,2014-12-28,4604.255212064826
574,2015-01-04,1187.7743357310123
575,2015-01-11,2598.446323887528
576,2015-01-18,1618.731370530114
577,2015-01-25,1658.5605285219751
578,2015-02-01,2141.7544718311265
579,2015-02-08,1801.4172020117753
580,2015-02-15,2605.0467786768018
581,2015-02-22,1803.346752921403
582,2015-03-01,2034.5347707002531
583,2015-03-08,3445.4908002265847
584,2015-03-15,946.4311633241877
585,2015-03-22,1621.8870870701185
586,2015-03-29,0.0
587,2015-04-05,4515.389451216864
588,2015-04-12,3235.3670786042444
589,2015-04-19,2510.418346252072
590,2015-04-26,2987.236246595515
591,2015-05-03,1832.6107314637316
592,2015-05-10,0.0
593,2015-05-17,2141.306194982702
594,2015-05-24,3475.843327740773
595,2015-05-31,2578.8154648057653
596,2015-06-07,1584.6554528412248
597,2015-06-14,0.0
598,2015-06-21,853.9108600946836
599,2015-06-28,2924.9041336209884
600,2015-07-05,3079.040050373934
601,2015-07-12,3560.93211167611
602,2015-07-19,1892.6119137755466
603,2015-07-26,946.6354647389106
604,2015-08-02,2349.8126260205263
605,2015-08-09,2930.790025574018
606,2015-08-16,2348.516067887201
607,2015-08-23,3604.048430715157
608,2015-08-30,2068.7183281205685
609,2015-09-06,2151.3645891807464
610,2015-09-13,1755.4049522404557
611,2015-09-20,3886.5436760461807
612,2015-09-27,2516.488654670459
613,2015-10-04,1325.863498720112
614,2015-10-11,2494.245861066462
615,2015-10-18,2156.2656581285282
616,2015-10-25,1996.3992200464575
617,2015-11-01,819.9501903984969
618,2015-11-08,2442.1608668052104
619,2015-11-15,2462.6975573901277
620,2015-11-22,1995.511581958074
621,2015-11-29,0.0
622,2015-12-06,1618.4958693502049
623,2015-12-13,2462.693017228981
624,2015-12-20,5793.168298580296
625,2015-12-27,1547.5969098016558
626,2016-01-03,2935.037520160499
627,2016-01-10,3788.4697450116455
628,2016-01-17,1521.0080058528185
629,2016-01-24,2234.868296302649
630,2016-01-31,4181.590981321141
631,2016-02-07,2858.148386752686
632,2016-02-14,2632.6770898593027
633,2016-02-21,2722.6780583824425
634,2016-02-28,3020.4739994766455
635,2016-03-06,3210.6017352692174
636,2016-03-13,1665.539148834843
637,2016-03-20,2658.395906187529
638,2016-03-27,1242.5691648968136
639,2016-04-03,948.1748485552832
640,2016-04-10,2863.2471508390304
641,2016-04-17,2197.714742790637
642,2016-04-24,2616.7639822415745
643,2016-05-01,3070.386154222707
644,2016-05-08,2518.04714538173
645,2016-05-15,3525.6995086355055
646,2016-05-22,2748.238215817548
647,2016-05-29,2266.600036570065
648,2016-06-05,2053.0378701887407
649,2016-06-12,1937.6582440400805
650,2016-06-19,2358.938501723347
651,2016-06-26,2279.126751435481
652,2016-07-03,2181.0437822777794
653,2016-07-10,2844.7480630405626
654,2016-07-17,3320.7552025959735
655,2016-07-24,2765.360401693209
656,2016-07-31,3664.4304552116196
657,2016-08-07,2786.885927501308
658,2016-08-14,2134.930976680269
659,2016-08-21,1752.1760955698842
660,2016-08-28,2692.6833781312857
661,2016-09-04,2432.778247094292
662,2016-09-11,3306.20772916974
663,2016-09-18,3829.5387016801014
664,2016-09-25,2711.403564075061
665,2016-10-02,3786.310191853379
666,2016-10-09,2886.1695147803994
667,2016-10-16,3727.8923437331546
668,2016-10-23,3551.5504222681852
669,2016-10-30,3518.8369205446124
670,2016-11-06,3613.542188603906
671,2016-11-13,3852.305507932174
672,2016-11-20,0.0
673,2016-11-27,2360.767421066901
674,2016-12-04,2104.331954588244
675,2016-12-11,2264.498718745876
676,2016-12-18,1673.7061325461796
677,2016-12-25,2015.3861499780246
678,2017-01-01,3467.3016237532865
679,2017-01-08,1973.2778614030906
680,2017-01-15,2401.473262692137
681,2017-01-22,2194.926067323173
682,2017-01-29,1954.6614597637201
683,2017-02-05,1604.5387719610255
684,2017-02-12,3044.4064369295643
685,2017-02-19,2008.2305207769084
686,2017-02-26,3783.46034027667
687,2017-03-05,3657.047939990926
688,2017-03-12,3864.5407934235473
689,2017-03-19,4667.274510199177
690,2017-03-26,2458.6192977323926
691,2017-04-02,2421.218397791974
692,2017-04-09,2899.165025264717
693,2017-04-16,2677.697587046734
694,2017-04-23,2170.838579367687
695,2017-04-30,1413.4742185849252
696,2017-05-07,3270.95653312137
697,2017-05-14,2653.0447709743166
698,2017-05-21,2372.9543554621014
699,2017-05-28,1152.8759918118546
700,2017-06-04,2592.8466078281103
701,2017-06-11,1159.6924845977412
702,2017-06-18,2576.9940365489056
703,2017-06-25,2437.1325188425685
704,2017-07-02,1724.9167555753415
705,2017-07-09,2798.3499278583035
706,2017-07-16,3839.254084324826
707,2017-07-23,2148.2306595750106
708,2017-07-30,4359.412032110316
709,2017-08-06,4057.184774711456
710,2017-08-13,2896.8235562453465
711,2017-08-20,3145.7153540526183
712,2017-08-27,2446.817421074665
713,2017-09-03,1986.239465794308
714,2017-09-10,3680.2319020727277
715,2017-09-17,939.0808607565465
716,2017-09-24,3058.972675690228
717,2017-10-01,1188.054161037827
718,2017-10-08,2231.5869658902666
719,2017-10-15,2776.518903461579
720,2017-10-22,3193.695278590777
721,2017-10-29,3638.1201211796297
722,2017-11-05,4466.355001890976
723,2017-11-12,3653.3808835325685
724,2017-11-19,1943.1244902578326
725,2017-11-26,2174.968806268859
726,2017-12-03,1483.8613180464881
727,2017-12-10,3289.700276575258
728,2017-12-17,2670.6638009874064
729,2017-12-24,3696.503593191905
730,2017-12-31,3039.3319322941206
731,2018-01-07,2762.7174869369555
732,2018-01-14,2715.4927556503158
733,2018-01-21,2978.9398074438172
734,2018-01-28,4212.194630141611
735,2018-02-04,3733.2708622112887
736,2018-02-11,3296.544984983799
737,2018-02-18,4264.631054799796
738,2018-02-25,4224.5153946974215
739,2018-03-04,3340.951223820833
740,2018-03-11,2929.849615104822
741,2018-03-18,3858.6840281938044
742,2018-03-25,3001.4939174131246
743,2018-04-01,3461.14874834826
744,2018-04-08,3036.8298906139507
745,2018-04-15,3963.4714444447814
746,2018-04-22,2359.1047420087475
747,2018-04-29,3157.871309967822
748,2018-05-06,4300.3802529378645
749,2018-05-13,3471.659358597709
750,2018-05-20,3454.5688498844984
751,2018-05-27,2684.02043971005
752,2018-06-03,2427.071019884181
753,2018-06-10,2640.491719296331
754,2018-06-17,3420.5314089530434
755,2018-06-24,3666.009669962358
756,2018-07-01,3641.655651165129
757,2018-07-08,3511.1626893810458
758,2018-07-15,2944.850774146152
759,2018-07-22,2932.43085193737
760,2018-07-29,3949.9578709024577
761,2018-08-05,3228.7982356957173
762,2018-08-12,3694.3985725203042
763,2018-08-19,1320.9285715330013
764,2018-08-26,4243.427634356988
765,2018-09-02,3372.321345742373
766,2018-09-09,2581.453564650399
767,2018-09-16,4038.730427687363
768,2018-09-23,3403.9145046367485
769,2018-09-30,2647.618810120484
770,2018-10-07,2973.6838430375224
771,2018-10-14,2940.0427069586135
772,2018-10-21,2864.973745321805
773,2018-10-28,3358.321454510642
774,2018-11-04,3016.8947487071628
775,2018-11-11,2601.2806517364766
776,2018-11-18,3588.0927917700697
777,2018-11-25,3302.4309564464315
778,2018-12-02,3896.280791870712
779,2018-12-09,3412.9175317699737
780,2018-12-16,3923.3366186323365
781,2018-12-23,2303.4865709276064
782,2018-12-30,3453.7922253248785
783,2019-01-06,2772.9851161696383
784,2019-01-13,3370.5314018177837
785,2019-01-20,3389.8919550297674
786,2019-01-27,3112.8785145295737
787,2019-02-03,3456.3948537456754
788,2019-02-10,4312.174605301763
789,2019-02-17,2684.1731846027446
790,2019-02-24,3016.6211230513245
791,2019-03-03,1374.543969832234
792,2019-03-10,3132.7245737130215
793,2019-03-17,4722.178112399517
794,2019-03-24,2530.508215533647
795,2019-03-31,5060.716477637147
796,2019-04-07,2045.6366357372685
797,2019-04-14,3570.540752391813
798,2019-04-21,1668.6698672513855
799,2019-04-28,2735.9917707571767
800,2019-05-05,2618.537030195984
801,2019-05-12,2202.454530247311
802,2019-05-19,3626.4746729358876
803,2019-05-26,2875.892662429375
804,2019-06-02,2605.379365692282
805,2019-06-09,4252.977247889287
806,2019-06-16,2405.7387381011886
807,2019-06-23,3055.716211619213
808,2019-06-30,2350.673525903362
809,2019-07-07,2637.28559503852
810,2019-07-14,3698.0421667214787
811,2019-07-21,2749.2763789342125
812,2019-07-28,2857.1471811830424
813,2019-08-04,3105.1971374516793
814,2019-08-11,2621.2286013444846
815,2019-08-18,1990.0853147953503
816,2019-08-25,3725.1775868263553
817,2019-09-01,2851.016032717657
818,2019-09-08,2892.9098940253684
819,2019-09-15,3542.286823155591
820,2019-09-22,3914.4923194390435
821,2019-09-29,2052.0724604487273
822,2019-10-06,3369.306315522263
823,2019-10-13,2425.499102099443
824,2019-10-20,2347.1379989932407
825,2019-10-27,3089.717464603552
826,2019-11-03,2778.4016911682743
827,2019-11-10,2592.875166034092
828,2019-11-17,3250.5229993065686
829,2019-11-24,3164.421094221175
830,2019-12-01,3249.479828063678
831,2019-12-08,3642.6123486847773
832,2019-12-15,2703.0391880016123
833,2019-12-22,1652.0610157315905
834,2019-12-29,3857.599715357375
835,2020-01-05,3237.5477071822693
836,2020-01-12,2461.0102751076947
837,2020-01-19,2956.3102424835283
838,2020-01-26,2920.7354319488
839,2020-02-02,4880.248782315065
840,2020-02-09,2548.005012579019
841,2020-02-16,3302.737381896737
842,2020-02-23,2520.6136461221813
843,2020-03-01,3795.3353829020243
844,2020-03-08,3432.748107291464
845,2020-03-15,2278.0421019560345
846,2020-03-22,4298.293934434636
847,2020-03-29,4698.272971032814
848,2020-04-05,4186.291454715093
849,2020-04-12,4549.409314324838
850,2020-04-19,3718.179522047114
851,2020-04-26,4023.9111946457397
852,2020-05-03,4079.4364827589166
853,2020-05-10,2889.2364157245815
854,2020-05-17,3059.1184100847427
855,2020-05-24,3764.5411516893096
856,2020-05-31,2601.392067599648
857,2020-06-07,3184.9951867563695
858,2020-06-14,2339.5422919703587
859,2020-06-21,3512.7579701239965
860,2020-06-28,3971.503181521723
861,2020-07-05,3634.0952316297385
862,2020-07-12,2083.123733542609
863,2020-07-19,3162.0506965675813
864,2020-07-26,2774.9853740055846
865,2020-08-02,2707.4610499628766
866,2020-08-09,3614.6968631188824
867,2020-08-16,3175.971517532576
868,2020-08-23,3141.4648705266204
869,2020-08-30,2343.1427596135713
870,2020-09-06,2975.43139342539
871,2020-09-13,3474.4550161980096
872,2020-09-20,3432.1441591605962
873,2020-09-27,2914.2331824982016
874,2020-10-04,4040.8306484479585
875,2020-10-11,3344.495955879583
876,2020-10-18,1865.9130935526969
877,2020-10-25,3047.7631689215864
878,2020-11-01,2416.329607332346
879,2020-11-08,2977.5778410870907
880,2020-11-15,3471.9495619836507
881,2020-11-22,3192.658045900792
882,2020-11-29,2722.2731149083493
883,2020-12-06,2469.8321609114823
884,2020-12-13,4738.066822999204
885,2020-12-20,2371.242737548396
886,2020-12-27,3234.9247033939896
887,2021-01-03,3957.151932254858
888,2021-01-10,4732.520941276073
889,2021-01-17,2557.5506293409385
890,2021-01-24,3498.8361203861205
891,2021-01-31,3236.2182404785217
892,2021-02-07,3808.110403214888
893,2021-02-14,2739.983633634796
894,2021-02-21,2668.2180805670228
895,2021-02-28,2753.2751061020545
896,2021-03-07,3140.937324351727
897,2021-03-14,3417.1134581616598
898,2021-03-21,2580.9313963107015
899,2021-03-28,2170.4352079682394
900,2021-04-04,2512.69567940926
901,2021-04-11,4134.2979688663645
902,2021-04-18,3338.5211950279486
903,2021-04-25,3326.965862797416
904,2021-05-02,2748.402170234496
905,2021-05-09,3485.4131148770266
906,2021-05-16,3421.4978416852264
907,2021-05-23,3559.567151592393
908,2021-05-30,1939.7706512419209
909,2021-06-06,1846.6531052836197
910,2021-06-13,3979.305534309461
911,2021-06-20,3201.5021174599096
912,2021-06-27,3234.5849422777083
913,2021-07-04,3244.963431157091
914,2021-07-11,3762.3136055700215
915,2021-07-18,2037.0563759755767
916,2021-07-25,3029.777451171831
917,2021-08-01,2018.6427270216307
918,2021-08-08,4621.157271631255
919,2021-08-15,2782.9943938946767
920,2021-08-22,2953.410740128646
921,2021-08-29,2320.448843198017
922,2021-09-05,3562.9619969017026
923,2021-09-12,2677.1358018310493
924,2021-09-19,2867.3761194263657
925,2021-09-26,3097.427532273948
926,2021-10-03,3413.7228087113976
927,2021-10-10,3334.9293605164494
928,2021-10-17,3914.458652003052
929,2021-10-24,3125.979150905765
930,2021-10-31,2121.4050468595437
931,2021-11-07,3009.3049546201823
932,2021-11-14,2960.59449140073
933,2021-11-21,3330.320515631463
934,2021-11-28,4289.856310320387
935,2021-12-05,2502.6338811206797
936,2021-12-12,1246.029011284065
937,2021-12-19,4319.304739155095
938,2021-12-26,3470.601667012617
939,2022-01-02,5230.063358406883
940,2022-01-09,4300.409240563468
941,2022-01-16,4834.866039395674
942,2022-01-23,3132.2991536087693
943,2022-01-30,3304.4115067080497
944,2022-02-06,4002.8858724635993
945,2022-02-13,2843.4595812637526
946,2022-02-20,4072.8406711044477
947,2022-02-27,3549.4447499191624
948,2022-03-06,3749.9648209172396
949,2022-03-13,2169.2194473194177
950,2022-03-20,2866.583854332499
951,2022-03-27,3234.4725688475855
952,2022-04-03,3158.0202272245706
953,2022-04-10,2394.0773025076637
954,2022-04-17,3105.013296501165
955,2022-04-24,2136.293936759051
956,2022-05-01,2734.2631993333134
957,2022-05-08,3794.696561816548
958,2022-05-15,3512.4402852141307
959,2022-05-22,2471.064725932865
960,2022-05-29,2701.1882035749472
961,2022-06-05,3352.151053768578
962,2022-06-12,2889.36480658522
963,2022-06-19,3509.31459524582
964,2022-06-26,2215.5451640726224
965,2022-07-03,4201.345080106309
966,2022-07-10,3644.3985138871444
967,2022-07-17,3755.400915845641
968,2022-07-24,3861.8755536903545
969,2022-07-31,3875.770921529766
970,2022-08-07,3825.9629888288105
971,2022-08-14,3917.9728981196927
972,2022-08-21,2839.552140287228
973,2022-08-28,3900.4450922562387
974,2022-09-04,2962.9645531727897
975,2022-09-11,3580.5362158498883
976,2022-09-18,3571.799032388961
977,2022-09-25,3731.8086295287985
978,2022-10-02,3836.1155157015105
979,2022-10-09,2427.5653267490334
980,2022-10-16,3637.206763988378
981,2022-10-23,2531.681007076673
982,2022-10-30,2940.395361588528
983,2022-11-06,2809.4929976368867
984,2022-11-13,2842.5961056590636
985,2022-11-20,5153.11288971279
986,2022-11-27,3437.1384136366623
987,2022-12-04,3131.133746904575
988,2022-12-11,2647.2292577215608
989,2022-12-18,3185.347183487001
990,2022-12-25,2805.140028642017
991,2023-01-01,4291.529313321905
992,2023-01-08,3182.8677468372916
993,2023-01-15,3726.018993677261
994,2023-01-22,3745.2978192648884
995,2023-01-29,4430.190251167216
