,date,the flu virus
0,2004-01-04,0.0
1,2004-01-11,0.0
2,2004-01-18,0.0
3,2004-01-25,2129.076571711395
4,2004-02-01,0.0
5,2004-02-08,0.0
6,2004-02-15,3625.802650199331
7,2004-02-22,0.0
8,2004-02-29,0.0
9,2004-03-07,0.0
10,2004-03-14,0.0
11,2004-03-21,0.0
12,2004-03-28,0.0
13,2004-04-04,3324.425234027497
14,2004-04-11,0.0
15,2004-04-18,0.0
16,2004-04-25,3863.994742663523
17,2004-05-02,0.0
18,2004-05-09,2495.199843364545
19,2004-05-16,4168.351468196328
20,2004-05-23,0.0
21,2004-05-30,0.0
22,2004-06-06,0.0
23,2004-06-13,0.0
24,2004-06-20,2193.8233766872304
25,2004-06-27,0.0
26,2004-07-04,6680.421301714511
27,2004-07-11,0.0
28,2004-07-18,0.0
29,2004-07-25,8096.882767947896
30,2004-08-01,3499.9974773517406
31,2004-08-08,0.0
32,2004-08-15,0.0
33,2004-08-22,0.0
34,2004-08-29,7508.971534226852
35,2004-09-05,0.0
36,2004-09-12,0.0
37,2004-09-19,0.0
38,2004-09-26,0.0
39,2004-10-03,0.0
40,2004-10-10,0.0
41,2004-10-17,0.0
42,2004-10-24,0.0
43,2004-10-31,0.0
44,2004-11-07,0.0
45,2004-11-14,0.0
46,2004-11-21,0.0
47,2004-11-28,0.0
48,2004-12-05,0.0
49,2004-12-12,0.0
50,2004-12-19,0.0
51,2004-12-26,0.0
52,2005-01-02,0.0
53,2005-01-09,0.0
54,2005-01-16,0.0
55,2005-01-23,1525.545149627526
56,2005-01-30,1266.5011200267684
57,2005-02-06,0.0
58,2005-02-13,0.0
59,2005-02-20,0.0
60,2005-02-27,0.0
61,2005-03-06,0.0
62,2005-03-13,0.0
63,2005-03-20,0.0
64,2005-03-27,1697.6349974286163
65,2005-04-03,0.0
66,2005-04-10,0.0
67,2005-04-17,0.0
68,2005-04-24,0.0
69,2005-05-01,0.0
70,2005-05-08,1510.6066831179442
71,2005-05-15,0.0
72,2005-05-22,0.0
73,2005-05-29,0.0
74,2005-06-05,3250.3592296377296
75,2005-06-12,0.0
76,2005-06-19,0.0
77,2005-06-26,6283.957601010762
78,2005-07-03,1508.667499917365
79,2005-07-10,0.0
80,2005-07-17,0.0
81,2005-07-24,0.0
82,2005-07-31,0.0
83,2005-08-07,0.0
84,2005-08-14,0.0
85,2005-08-21,0.0
86,2005-08-28,0.0
87,2005-09-04,0.0
88,2005-09-11,0.0
89,2005-09-18,0.0
90,2005-09-25,0.0
91,2005-10-02,2051.621420330168
92,2005-10-09,0.0
93,2005-10-16,1739.8053838454339
94,2005-10-23,0.0
95,2005-10-30,0.0
96,2005-11-06,0.0
97,2005-11-13,0.0
98,2005-11-20,2916.321744618119
99,2005-11-27,2228.8690139635955
100,2005-12-04,0.0
101,2005-12-11,0.0
102,2005-12-18,1085.9648131692575
103,2005-12-25,0.0
104,2006-01-01,0.0
105,2006-01-08,0.0
106,2006-01-15,0.0
107,2006-01-22,0.0
108,2006-01-29,0.0
109,2006-02-05,2790.9955200641425
110,2006-02-12,0.0
111,2006-02-19,0.0
112,2006-02-26,0.0
113,2006-03-05,0.0
114,2006-03-12,783.7974088640724
115,2006-03-19,0.0
116,2006-03-26,979.1672633763036
117,2006-04-02,3397.8267248603097
118,2006-04-09,0.0
119,2006-04-16,0.0
120,2006-04-23,0.0
121,2006-04-30,0.0
122,2006-05-07,0.0
123,2006-05-14,0.0
124,2006-05-21,0.0
125,2006-05-28,0.0
126,2006-06-04,0.0
127,2006-06-11,0.0
128,2006-06-18,0.0
129,2006-06-25,0.0
130,2006-07-02,6076.097606725441
131,2006-07-09,0.0
132,2006-07-16,0.0
133,2006-07-23,0.0
134,2006-07-30,0.0
135,2006-08-06,0.0
136,2006-08-13,937.8118070155099
137,2006-08-20,0.0
138,2006-08-27,824.645708872133
139,2006-09-03,0.0
140,2006-09-10,0.0
141,2006-09-17,0.0
142,2006-09-24,0.0
143,2006-10-01,802.9633806619188
144,2006-10-08,0.0
145,2006-10-15,0.0
146,2006-10-22,0.0
147,2006-10-29,1154.5241554832
148,2006-11-05,0.0
149,2006-11-12,0.0
150,2006-11-19,0.0
151,2006-11-26,0.0
152,2006-12-03,0.0
153,2006-12-10,0.0
154,2006-12-17,0.0
155,2006-12-24,0.0
156,2006-12-31,0.0
157,2007-01-07,0.0
158,2007-01-14,0.0
159,2007-01-21,0.0
160,2007-01-28,0.0
161,2007-02-04,0.0
162,2007-02-11,0.0
163,2007-02-18,0.0
164,2007-02-25,0.0
165,2007-03-04,0.0
166,2007-03-11,0.0
167,2007-03-18,0.0
168,2007-03-25,0.0
169,2007-04-01,1069.8866358023454
170,2007-04-08,0.0
171,2007-04-15,0.0
172,2007-04-22,0.0
173,2007-04-29,0.0
174,2007-05-06,0.0
175,2007-05-13,0.0
176,2007-05-20,0.0
177,2007-05-27,0.0
178,2007-06-03,1360.5745444937766
179,2007-06-10,0.0
180,2007-06-17,0.0
181,2007-06-24,1446.9820669595545
182,2007-07-01,1076.188979476852
183,2007-07-08,0.0
184,2007-07-15,0.0
185,2007-07-22,0.0
186,2007-07-29,0.0
187,2007-08-05,0.0
188,2007-08-12,1406.969195364563
189,2007-08-19,0.0
190,2007-08-26,0.0
191,2007-09-02,0.0
192,2007-09-09,0.0
193,2007-09-16,499.7134043496745
194,2007-09-23,0.0
195,2007-09-30,651.9314440111017
196,2007-10-07,0.0
197,2007-10-14,1138.9825874165479
198,2007-10-21,0.0
199,2007-10-28,0.0
200,2007-11-04,0.0
201,2007-11-11,0.0
202,2007-11-18,699.0132520617891
203,2007-11-25,0.0
204,2007-12-02,0.0
205,2007-12-09,0.0
206,2007-12-16,481.62035602215497
207,2007-12-23,0.0
208,2007-12-30,0.0
209,2008-01-06,0.0
210,2008-01-13,0.0
211,2008-01-20,0.0
212,2008-01-27,0.0
213,2008-02-03,0.0
214,2008-02-10,0.0
215,2008-02-17,0.0
216,2008-02-24,0.0
217,2008-03-02,413.94357653602947
218,2008-03-09,503.5279946796172
219,2008-03-16,0.0
220,2008-03-23,0.0
221,2008-03-30,0.0
222,2008-04-06,0.0
223,2008-04-13,0.0
224,2008-04-20,0.0
225,2008-04-27,0.0
226,2008-05-04,0.0
227,2008-05-11,0.0
228,2008-05-18,0.0
229,2008-05-25,0.0
230,2008-06-01,0.0
231,2008-06-08,0.0
232,2008-06-15,0.0
233,2008-06-22,0.0
234,2008-06-29,0.0
235,2008-07-06,0.0
236,2008-07-13,0.0
237,2008-07-20,596.7286862261506
238,2008-07-27,621.0096082848256
239,2008-08-03,0.0
240,2008-08-10,0.0
241,2008-08-17,0.0
242,2008-08-24,0.0
243,2008-08-31,0.0
244,2008-09-07,455.61209882633244
245,2008-09-14,564.2291577031476
246,2008-09-21,852.4712579387965
247,2008-09-28,0.0
248,2008-10-05,0.0
249,2008-10-12,0.0
250,2008-10-19,0.0
251,2008-10-26,0.0
252,2008-11-02,0.0
253,2008-11-09,0.0
254,2008-11-16,1280.1983757689247
255,2008-11-23,0.0
256,2008-11-30,525.1672873020184
257,2008-12-07,0.0
258,2008-12-14,0.0
259,2008-12-21,0.0
260,2008-12-28,0.0
261,2009-01-04,0.0
262,2009-01-11,587.5784672440172
263,2009-01-18,0.0
264,2009-01-25,0.0
265,2009-02-01,679.8549926236672
266,2009-02-08,0.0
267,2009-02-15,0.0
268,2009-02-22,368.58176514708936
269,2009-03-01,0.0
270,2009-03-08,630.0554732840217
271,2009-03-15,0.0
272,2009-03-22,805.1571399959355
273,2009-03-29,0.0
274,2009-04-05,0.0
275,2009-04-12,1707.571275830431
276,2009-04-19,0.0
277,2009-04-26,0.0
278,2009-05-03,0.0
279,2009-05-10,0.0
280,2009-05-17,0.0
281,2009-05-24,0.0
282,2009-05-31,826.2294832934068
283,2009-06-07,0.0
284,2009-06-14,0.0
285,2009-06-21,0.0
286,2009-06-28,958.4912370635097
287,2009-07-05,1233.8300915493064
288,2009-07-12,0.0
289,2009-07-19,0.0
290,2009-07-26,0.0
291,2009-08-02,0.0
292,2009-08-09,0.0
293,2009-08-16,0.0
294,2009-08-23,0.0
295,2009-08-30,0.0
296,2009-09-06,461.8148622182775
297,2009-09-13,0.0
298,2009-09-20,0.0
299,2009-09-27,0.0
300,2009-10-04,417.9004157007094
301,2009-10-11,0.0
302,2009-10-18,0.0
303,2009-10-25,0.0
304,2009-11-01,0.0
305,2009-11-08,0.0
306,2009-11-15,732.8455466331334
307,2009-11-22,0.0
308,2009-11-29,0.0
309,2009-12-06,0.0
310,2009-12-13,0.0
311,2009-12-20,673.5694519430469
312,2009-12-27,0.0
313,2010-01-03,978.0796738433585
314,2010-01-10,0.0
315,2010-01-17,0.0
316,2010-01-24,0.0
317,2010-01-31,0.0
318,2010-02-07,0.0
319,2010-02-14,421.9846165688618
320,2010-02-21,0.0
321,2010-02-28,0.0
322,2010-03-07,417.2391137848069
323,2010-03-14,0.0
324,2010-03-21,0.0
325,2010-03-28,0.0
326,2010-04-04,590.1240202085057
327,2010-04-11,572.6536329104806
328,2010-04-18,0.0
329,2010-04-25,0.0
330,2010-05-02,0.0
331,2010-05-09,509.8594164526033
332,2010-05-16,0.0
333,2010-05-23,0.0
334,2010-05-30,0.0
335,2010-06-06,0.0
336,2010-06-13,0.0
337,2010-06-20,0.0
338,2010-06-27,0.0
339,2010-07-04,0.0
340,2010-07-11,0.0
341,2010-07-18,590.1514131133652
342,2010-07-25,0.0
343,2010-08-01,0.0
344,2010-08-08,0.0
345,2010-08-15,0.0
346,2010-08-22,0.0
347,2010-08-29,511.6055915557595
348,2010-09-05,0.0
349,2010-09-12,499.28323743694966
350,2010-09-19,0.0
351,2010-09-26,0.0
352,2010-10-03,1527.5808369371628
353,2010-10-10,0.0
354,2010-10-17,0.0
355,2010-10-24,0.0
356,2010-10-31,0.0
357,2010-11-07,0.0
358,2010-11-14,0.0
359,2010-11-21,482.3892974428672
360,2010-11-28,0.0
361,2010-12-05,0.0
362,2010-12-12,0.0
363,2010-12-19,748.2055374732738
364,2010-12-26,0.0
365,2011-01-02,164.9046942465435
366,2011-01-09,173.0971217121958
367,2011-01-16,0.0
368,2011-01-23,0.0
369,2011-01-30,0.0
370,2011-02-06,462.8065061361634
371,2011-02-13,0.0
372,2011-02-20,292.0816319064851
373,2011-02-27,0.0
374,2011-03-06,0.0
375,2011-03-13,0.0
376,2011-03-20,0.0
377,2011-03-27,0.0
378,2011-04-03,0.0
379,2011-04-10,0.0
380,2011-04-17,188.96101185317778
381,2011-04-24,0.0
382,2011-05-01,0.0
383,2011-05-08,387.46655682750685
384,2011-05-15,0.0
385,2011-05-22,0.0
386,2011-05-29,0.0
387,2011-06-05,250.1288885509958
388,2011-06-12,0.0
389,2011-06-19,0.0
390,2011-06-26,0.0
391,2011-07-03,0.0
392,2011-07-10,261.7282661767449
393,2011-07-17,0.0
394,2011-07-24,0.0
395,2011-07-31,0.0
396,2011-08-07,0.0
397,2011-08-14,0.0
398,2011-08-21,180.79900498795348
399,2011-08-28,0.0
400,2011-09-04,0.0
401,2011-09-11,268.2441990753697
402,2011-09-18,0.0
403,2011-09-25,0.0
404,2011-10-02,0.0
405,2011-10-09,0.0
406,2011-10-16,0.0
407,2011-10-23,0.0
408,2011-10-30,0.0
409,2011-11-06,0.0
410,2011-11-13,163.00253900361037
411,2011-11-20,0.0
412,2011-11-27,0.0
413,2011-12-04,0.0
414,2011-12-11,0.0
415,2011-12-18,225.47716038881435
416,2011-12-25,186.20326709693927
417,2012-01-01,0.0
418,2012-01-08,0.0
419,2012-01-15,0.0
420,2012-01-22,0.0
421,2012-01-29,123.12448125550502
422,2012-02-05,362.3714122516176
423,2012-02-12,0.0
424,2012-02-19,153.3343035001976
425,2012-02-26,0.0
426,2012-03-04,0.0
427,2012-03-11,0.0
428,2012-03-18,0.0
429,2012-03-25,0.0
430,2012-04-01,0.0
431,2012-04-08,0.0
432,2012-04-15,140.93825840752103
433,2012-04-22,0.0
434,2012-04-29,0.0
435,2012-05-06,0.0
436,2012-05-13,0.0
437,2012-05-20,0.0
438,2012-05-27,564.6322769790885
439,2012-06-03,273.79581062853947
440,2012-06-10,0.0
441,2012-06-17,0.0
442,2012-06-24,192.82601453737692
443,2012-07-01,0.0
444,2012-07-08,152.3869439192645
445,2012-07-15,709.5231675779362
446,2012-07-22,0.0
447,2012-07-29,0.0
448,2012-08-05,0.0
449,2012-08-12,0.0
450,2012-08-19,0.0
451,2012-08-26,394.4723715577789
452,2012-09-02,0.0
453,2012-09-09,0.0
454,2012-09-16,0.0
455,2012-09-23,179.14735581327696
456,2012-09-30,0.0
457,2012-10-07,128.97843260575792
458,2012-10-14,0.0
459,2012-10-21,0.0
460,2012-10-28,0.0
461,2012-11-04,0.0
462,2012-11-11,0.0
463,2012-11-18,0.0
464,2012-11-25,0.0
465,2012-12-02,112.83803356133083
466,2012-12-09,0.0
467,2012-12-16,0.0
468,2012-12-23,0.0
469,2012-12-30,0.0
470,2013-01-06,260.9717372534945
471,2013-01-13,196.11506690552528
472,2013-01-20,0.0
473,2013-01-27,100.36354652890198
474,2013-02-03,0.0
475,2013-02-10,0.0
476,2013-02-17,0.0
477,2013-02-24,97.72866737699303
478,2013-03-03,0.0
479,2013-03-10,0.0
480,2013-03-17,0.0
481,2013-03-24,0.0
482,2013-03-31,0.0
483,2013-04-07,0.0
484,2013-04-14,0.0
485,2013-04-21,0.0
486,2013-04-28,0.0
487,2013-05-05,0.0
488,2013-05-12,0.0
489,2013-05-19,0.0
490,2013-05-26,135.55253002513032
491,2013-06-02,0.0
492,2013-06-09,340.70456249817295
493,2013-06-16,0.0
494,2013-06-23,0.0
495,2013-06-30,0.0
496,2013-07-07,0.0
497,2013-07-14,489.8435447286507
498,2013-07-21,0.0
499,2013-07-28,0.0
500,2013-08-04,0.0
501,2013-08-11,0.0
502,2013-08-18,0.0
503,2013-08-25,126.68799738527575
504,2013-09-01,0.0
505,2013-09-08,217.03368174211266
506,2013-09-15,0.0
507,2013-09-22,0.0
508,2013-09-29,425.00503119311804
509,2013-10-06,0.0
510,2013-10-13,0.0
511,2013-10-20,0.0
512,2013-10-27,314.1663577020221
513,2013-11-03,0.0
514,2013-11-10,240.7034818722615
515,2013-11-17,0.0
516,2013-11-24,0.0
517,2013-12-01,0.0
518,2013-12-08,0.0
519,2013-12-15,0.0
520,2013-12-22,149.66690551608755
521,2013-12-29,0.0
522,2014-01-05,198.97005883962754
523,2014-01-12,0.0
524,2014-01-19,0.0
525,2014-01-26,0.0
526,2014-02-02,0.0
527,2014-02-09,147.8805163979943
528,2014-02-16,0.0
529,2014-02-23,218.83478428362542
530,2014-03-02,0.0
531,2014-03-09,0.0
532,2014-03-16,438.9203087547082
533,2014-03-23,231.7963642214468
534,2014-03-30,0.0
535,2014-04-06,0.0
536,2014-04-13,0.0
537,2014-04-20,0.0
538,2014-04-27,0.0
539,2014-05-04,0.0
540,2014-05-11,0.0
541,2014-05-18,0.0
542,2014-05-25,121.6145145772002
543,2014-06-01,137.02151638645825
544,2014-06-08,0.0
545,2014-06-15,0.0
546,2014-06-22,0.0
547,2014-06-29,751.7756465424776
548,2014-07-06,0.0
549,2014-07-13,0.0
550,2014-07-20,150.12525931761775
551,2014-07-27,0.0
552,2014-08-03,0.0
553,2014-08-10,178.4480542339127
554,2014-08-17,0.0
555,2014-08-24,0.0
556,2014-08-31,0.0
557,2014-09-07,0.0
558,2014-09-14,339.7409738833561
559,2014-09-21,0.0
560,2014-09-28,0.0
561,2014-10-05,0.0
562,2014-10-12,154.58370936827757
563,2014-10-19,283.69294715948865
564,2014-10-26,0.0
565,2014-11-02,0.0
566,2014-11-09,0.0
567,2014-11-16,0.0
568,2014-11-23,130.55079692763618
569,2014-11-30,0.0
570,2014-12-07,0.0
571,2014-12-14,145.82697603730713
572,2014-12-21,0.0
573,2014-12-28,399.5698914061122
574,2015-01-04,347.6026244226713
575,2015-01-11,0.0
576,2015-01-18,0.0
577,2015-01-25,234.79306835896162
578,2015-02-01,0.0
579,2015-02-08,0.0
580,2015-02-15,0.0
581,2015-02-22,198.59662648342766
582,2015-03-01,0.0
583,2015-03-08,0.0
584,2015-03-15,0.0
585,2015-03-22,0.0
586,2015-03-29,120.61625686964722
587,2015-04-05,0.0
588,2015-04-12,0.0
589,2015-04-19,0.0
590,2015-04-26,0.0
591,2015-05-03,181.48568304799824
592,2015-05-10,0.0
593,2015-05-17,0.0
594,2015-05-24,0.0
595,2015-05-31,374.30778276004406
596,2015-06-07,0.0
597,2015-06-14,0.0
598,2015-06-21,197.00120657644368
599,2015-06-28,484.3551885324731
600,2015-07-05,0.0
601,2015-07-12,0.0
602,2015-07-19,175.80356850087972
603,2015-07-26,0.0
604,2015-08-02,0.0
605,2015-08-09,419.3645696567274
606,2015-08-16,0.0
607,2015-08-23,308.43992279208663
608,2015-08-30,0.0
609,2015-09-06,0.0
610,2015-09-13,0.0
611,2015-09-20,0.0
612,2015-09-27,115.27221625628141
613,2015-10-04,0.0
614,2015-10-11,0.0
615,2015-10-18,142.82948695744187
616,2015-10-25,103.94248863188179
617,2015-11-01,0.0
618,2015-11-08,0.0
619,2015-11-15,132.2384758011464
620,2015-11-22,0.0
621,2015-11-29,191.81784465380355
622,2015-12-06,0.0
623,2015-12-13,0.0
624,2015-12-20,0.0
625,2015-12-27,233.6817017082605
626,2016-01-03,0.0
627,2016-01-10,0.0
628,2016-01-17,99.51417972375575
629,2016-01-24,0.0
630,2016-01-31,0.0
631,2016-02-07,63.884213264465345
632,2016-02-14,0.0
633,2016-02-21,0.0
634,2016-02-28,0.0
635,2016-03-06,0.0
636,2016-03-13,199.76091477628538
637,2016-03-20,95.78780255769139
638,2016-03-27,0.0
639,2016-04-03,0.0
640,2016-04-10,71.35845715244254
641,2016-04-17,98.2434733897622
642,2016-04-24,0.0
643,2016-05-01,0.0
644,2016-05-08,0.0
645,2016-05-15,0.0
646,2016-05-22,0.0
647,2016-05-29,94.37983670902241
648,2016-06-05,0.0
649,2016-06-12,0.0
650,2016-06-19,0.0
651,2016-06-26,0.0
652,2016-07-03,0.0
653,2016-07-10,0.0
654,2016-07-17,0.0
655,2016-07-24,74.66208508224945
656,2016-07-31,105.12920205571369
657,2016-08-07,79.84367004565625
658,2016-08-14,0.0
659,2016-08-21,0.0
660,2016-08-28,0.0
661,2016-09-04,0.0
662,2016-09-11,0.0
663,2016-09-18,0.0
664,2016-09-25,132.30482674951358
665,2016-10-02,0.0
666,2016-10-09,0.0
667,2016-10-16,0.0
668,2016-10-23,0.0
669,2016-10-30,193.96810485252198
670,2016-11-06,74.08861655413864
671,2016-11-13,0.0
672,2016-11-20,0.0
673,2016-11-27,99.73630975643677
674,2016-12-04,0.0
675,2016-12-11,0.0
676,2016-12-18,0.0
677,2016-12-25,102.15300560046587
678,2017-01-01,0.0
679,2017-01-08,0.0
680,2017-01-15,0.0
681,2017-01-22,0.0
682,2017-01-29,110.35636314760735
683,2017-02-05,0.0
684,2017-02-12,0.0
685,2017-02-19,91.31313732645057
686,2017-02-26,64.72438143858824
687,2017-03-05,0.0
688,2017-03-12,156.8338622331272
689,2017-03-19,0.0
690,2017-03-26,0.0
691,2017-04-02,0.0
692,2017-04-09,0.0
693,2017-04-16,0.0
694,2017-04-23,0.0
695,2017-04-30,0.0
696,2017-05-07,0.0
697,2017-05-14,0.0
698,2017-05-21,184.4469522120459
699,2017-05-28,0.0
700,2017-06-04,0.0
701,2017-06-11,0.0
702,2017-06-18,0.0
703,2017-06-25,0.0
704,2017-07-02,0.0
705,2017-07-09,0.0
706,2017-07-16,0.0
707,2017-07-23,180.75683059554524
708,2017-07-30,298.7721830221859
709,2017-08-06,94.77455267446489
710,2017-08-13,0.0
711,2017-08-20,0.0
712,2017-08-27,0.0
713,2017-09-03,0.0
714,2017-09-10,0.0
715,2017-09-17,0.0
716,2017-09-24,0.0
717,2017-10-01,0.0
718,2017-10-08,0.0
719,2017-10-15,0.0
720,2017-10-22,0.0
721,2017-10-29,0.0
722,2017-11-05,0.0
723,2017-11-12,86.34753067634725
724,2017-11-19,0.0
725,2017-11-26,0.0
726,2017-12-03,57.55934816468767
727,2017-12-10,0.0
728,2017-12-17,0.0
729,2017-12-24,0.0
730,2017-12-31,0.0
731,2018-01-07,169.31807056515356
732,2018-01-14,359.3321206615232
733,2018-01-21,201.31403362873712
734,2018-01-28,230.3027350209265
735,2018-02-04,0.0
736,2018-02-11,106.0594777444095
737,2018-02-18,0.0
738,2018-02-25,70.62217299772195
739,2018-03-04,82.65535653160686
740,2018-03-11,0.0
741,2018-03-18,0.0
742,2018-03-25,57.01798528263716
743,2018-04-01,87.18370061857473
744,2018-04-08,0.0
745,2018-04-15,0.0
746,2018-04-22,175.70849466912233
747,2018-04-29,0.0
748,2018-05-06,0.0
749,2018-05-13,0.0
750,2018-05-20,0.0
751,2018-05-27,0.0
752,2018-06-03,0.0
753,2018-06-10,0.0
754,2018-06-17,0.0
755,2018-06-24,0.0
756,2018-07-01,0.0
757,2018-07-08,0.0
758,2018-07-15,0.0
759,2018-07-22,0.0
760,2018-07-29,0.0
761,2018-08-05,0.0
762,2018-08-12,0.0
763,2018-08-19,100.94852701858115
764,2018-08-26,0.0
765,2018-09-02,102.26674550746974
766,2018-09-09,0.0
767,2018-09-16,0.0
768,2018-09-23,0.0
769,2018-09-30,120.79870196497822
770,2018-10-07,71.97538651554696
771,2018-10-14,0.0
772,2018-10-21,0.0
773,2018-10-28,170.9900735481229
774,2018-11-04,0.0
775,2018-11-11,110.87291149635841
776,2018-11-18,65.13147537011648
777,2018-11-25,0.0
778,2018-12-02,387.0543594023662
779,2018-12-09,105.28079630023795
780,2018-12-16,255.31541455730218
781,2018-12-23,0.0
782,2018-12-30,211.71644056384432
783,2019-01-06,131.62011361885527
784,2019-01-13,0.0
785,2019-01-20,79.35759926770959
786,2019-01-27,69.08594469700522
787,2019-02-03,0.0
788,2019-02-10,116.88893110904591
789,2019-02-17,0.0
790,2019-02-24,82.56141444241875
791,2019-03-03,52.80161950721125
792,2019-03-10,58.97256726677954
793,2019-03-17,0.0
794,2019-03-24,69.51546521386227
795,2019-03-31,118.84491103819664
796,2019-04-07,64.28426747771027
797,2019-04-14,0.0
798,2019-04-21,0.0
799,2019-04-28,0.0
800,2019-05-05,0.0
801,2019-05-12,0.0
802,2019-05-19,0.0
803,2019-05-26,0.0
804,2019-06-02,0.0
805,2019-06-09,81.70802844635814
806,2019-06-16,0.0
807,2019-06-23,0.0
808,2019-06-30,0.0
809,2019-07-07,71.23893255692221
810,2019-07-14,0.0
811,2019-07-21,0.0
812,2019-07-28,93.4841821367355
813,2019-08-04,0.0
814,2019-08-11,0.0
815,2019-08-18,247.60689913784742
816,2019-08-25,0.0
817,2019-09-01,59.50203295048793
818,2019-09-08,0.0
819,2019-09-15,0.0
820,2019-09-22,0.0
821,2019-09-29,0.0
822,2019-10-06,126.21411747580844
823,2019-10-13,145.76880879674093
824,2019-10-20,0.0
825,2019-10-27,0.0
826,2019-11-03,0.0
827,2019-11-10,0.0
828,2019-11-17,0.0
829,2019-11-24,0.0
830,2019-12-01,73.1438573845386
831,2019-12-08,194.5091821907039
832,2019-12-15,0.0
833,2019-12-22,0.0
834,2019-12-29,0.0
835,2020-01-05,70.55472266008793
836,2020-01-12,67.810426167471
837,2020-01-19,137.30338288192746
838,2020-01-26,313.2080544919657
839,2020-02-02,196.2855707942079
840,2020-02-09,186.34941275558754
841,2020-02-16,176.95834368820508
842,2020-02-23,401.5257699735442
843,2020-03-01,445.75437363229815
844,2020-03-08,970.2487761572309
845,2020-03-15,564.6918860280575
846,2020-03-22,379.16401643701533
847,2020-03-29,259.79803824064055
848,2020-04-05,257.36522827050027
849,2020-04-12,95.23843500681897
850,2020-04-19,110.65284814882013
851,2020-04-26,0.0
852,2020-05-03,92.2382685310106
853,2020-05-10,0.0
854,2020-05-17,76.97827668090427
855,2020-05-24,0.0
856,2020-05-31,0.0
857,2020-06-07,0.0
858,2020-06-14,0.0
859,2020-06-21,0.0
860,2020-06-28,0.0
861,2020-07-05,0.0
862,2020-07-12,109.80951107647223
863,2020-07-19,0.0
864,2020-07-26,0.0
865,2020-08-02,0.0
866,2020-08-09,0.0
867,2020-08-16,0.0
868,2020-08-23,0.0
869,2020-08-30,0.0
870,2020-09-06,98.07373810111787
871,2020-09-13,236.37580377617104
872,2020-09-20,57.557569683860706
873,2020-09-27,66.62780036412776
874,2020-10-04,0.0
875,2020-10-11,0.0
876,2020-10-18,55.838155272799696
877,2020-10-25,100.1880225360095
878,2020-11-01,0.0
879,2020-11-08,58.73556846775315
880,2020-11-15,107.11099419041805
881,2020-11-22,90.41385576822883
882,2020-11-29,88.82742422365405
883,2020-12-06,0.0
884,2020-12-13,0.0
885,2020-12-20,0.0
886,2020-12-27,93.27725485565811
887,2021-01-03,0.0
888,2021-01-10,0.0
889,2021-01-17,0.0
890,2021-01-24,0.0
891,2021-01-31,55.02300236881236
892,2021-02-07,0.0
893,2021-02-14,181.25623986464157
894,2021-02-21,84.76684330671426
895,2021-02-28,0.0
896,2021-03-07,0.0
897,2021-03-14,0.0
898,2021-03-21,0.0
899,2021-03-28,0.0
900,2021-04-04,352.64481325409037
901,2021-04-11,0.0
902,2021-04-18,66.25720970425482
903,2021-04-25,60.38714114000185
904,2021-05-02,0.0
905,2021-05-09,109.89342468229262
906,2021-05-16,0.0
907,2021-05-23,0.0
908,2021-05-30,0.0
909,2021-06-06,0.0
910,2021-06-13,84.73203429273302
911,2021-06-20,0.0
912,2021-06-27,0.0
913,2021-07-04,210.67012179236067
914,2021-07-11,0.0
915,2021-07-18,0.0
916,2021-07-25,96.37961254494265
917,2021-08-01,0.0
918,2021-08-08,0.0
919,2021-08-15,0.0
920,2021-08-22,0.0
921,2021-08-29,107.00497735829545
922,2021-09-05,73.81278265449986
923,2021-09-12,0.0
924,2021-09-19,0.0
925,2021-09-26,68.17834427010919
926,2021-10-03,171.49133305747216
927,2021-10-10,0.0
928,2021-10-17,182.39408291529475
929,2021-10-24,0.0
930,2021-10-31,0.0
931,2021-11-07,0.0
932,2021-11-14,0.0
933,2021-11-21,0.0
934,2021-11-28,0.0
935,2021-12-05,81.60421696401576
936,2021-12-12,0.0
937,2021-12-19,0.0
938,2021-12-26,0.0
939,2022-01-02,143.27284983638276
940,2022-01-09,0.0
941,2022-01-16,0.0
942,2022-01-23,0.0
943,2022-01-30,125.88316415454607
944,2022-02-06,138.48726387486923
945,2022-02-13,0.0
946,2022-02-20,0.0
947,2022-02-27,93.77168277035628
948,2022-03-06,79.52841423243196
949,2022-03-13,63.12065706482751
950,2022-03-20,100.51473548849374
951,2022-03-27,0.0
952,2022-04-03,94.62752465246429
953,2022-04-10,0.0
954,2022-04-17,0.0
955,2022-04-24,103.7407377004441
956,2022-05-01,74.22294043271656
957,2022-05-08,0.0
958,2022-05-15,0.0
959,2022-05-22,51.51823731068578
960,2022-05-29,120.92457959670139
961,2022-06-05,0.0
962,2022-06-12,0.0
963,2022-06-19,0.0
964,2022-06-26,92.21515296257854
965,2022-07-03,0.0
966,2022-07-10,0.0
967,2022-07-17,0.0
968,2022-07-24,0.0
969,2022-07-31,0.0
970,2022-08-07,0.0
971,2022-08-14,46.879001811688674
972,2022-08-21,0.0
973,2022-08-28,0.0
974,2022-09-04,140.64085899792892
975,2022-09-11,0.0
976,2022-09-18,0.0
977,2022-09-25,166.20444204584092
978,2022-10-02,0.0
979,2022-10-09,73.19927144196446
980,2022-10-16,59.85232080843292
981,2022-10-23,44.97609623828961
982,2022-10-30,0.0
983,2022-11-06,72.31538902075731
984,2022-11-13,0.0
985,2022-11-20,52.90547164165916
986,2022-11-27,0.0
987,2022-12-04,0.0
988,2022-12-11,174.35006526627822
989,2022-12-18,215.60979072499595
990,2022-12-25,200.18255697061696
991,2023-01-01,0.0
992,2023-01-08,0.0
993,2023-01-15,0.0
994,2023-01-22,0.0
995,2023-01-29,501.45649800515463
