,date,/m/087cyy
0,2004-01-04,0.0
1,2004-01-11,0.0
2,2004-01-18,0.0
3,2004-01-25,0.0
4,2004-02-01,0.0
5,2004-02-08,0.0
6,2004-02-15,0.0
7,2004-02-22,0.0
8,2004-02-29,0.0
9,2004-03-07,0.0
10,2004-03-14,0.0
11,2004-03-21,0.0
12,2004-03-28,0.0
13,2004-04-04,0.0
14,2004-04-11,0.0
15,2004-04-18,0.0
16,2004-04-25,0.0
17,2004-05-02,2310.584180083013
18,2004-05-09,0.0
19,2004-05-16,1925.659127183636
20,2004-05-23,0.0
21,2004-05-30,1561.4170538587177
22,2004-06-06,0.0
23,2004-06-13,3061.5821494466322
24,2004-06-20,1461.8255832669715
25,2004-06-27,0.0
26,2004-07-04,0.0
27,2004-07-11,0.0
28,2004-07-18,0.0
29,2004-07-25,2947.703889614575
30,2004-08-01,0.0
31,2004-08-08,1093.5613831229284
32,2004-08-15,0.0
33,2004-08-22,0.0
34,2004-08-29,0.0
35,2004-09-05,0.0
36,2004-09-12,0.0
37,2004-09-19,0.0
38,2004-09-26,0.0
39,2004-10-03,0.0
40,2004-10-10,0.0
41,2004-10-17,0.0
42,2004-10-24,3121.023296219131
43,2004-10-31,0.0
44,2004-11-07,0.0
45,2004-11-14,0.0
46,2004-11-21,0.0
47,2004-11-28,0.0
48,2004-12-05,0.0
49,2004-12-12,0.0
50,2004-12-19,1743.5655355179174
51,2004-12-26,0.0
52,2005-01-02,0.0
53,2005-01-09,0.0
54,2005-01-16,845.1611203468647
55,2005-01-23,0.0
56,2005-01-30,763.1686085773873
57,2005-02-06,0.0
58,2005-02-13,0.0
59,2005-02-20,0.0
60,2005-02-27,2081.2986466106013
61,2005-03-06,746.7097283689334
62,2005-03-13,2387.4938890369067
63,2005-03-20,0.0
64,2005-03-27,0.0
65,2005-04-03,0.0
66,2005-04-10,0.0
67,2005-04-17,0.0
68,2005-04-24,0.0
69,2005-05-01,0.0
70,2005-05-08,0.0
71,2005-05-15,0.0
72,2005-05-22,1415.9740382311954
73,2005-05-29,2107.4111737055932
74,2005-06-05,0.0
75,2005-06-12,956.0005154615517
76,2005-06-19,0.0
77,2005-06-26,0.0
78,2005-07-03,0.0
79,2005-07-10,0.0
80,2005-07-17,0.0
81,2005-07-24,0.0
82,2005-07-31,0.0
83,2005-08-07,679.1428997378188
84,2005-08-14,0.0
85,2005-08-21,0.0
86,2005-08-28,0.0
87,2005-09-04,0.0
88,2005-09-11,0.0
89,2005-09-18,0.0
90,2005-09-25,658.6991856713206
91,2005-10-02,0.0
92,2005-10-09,0.0
93,2005-10-16,0.0
94,2005-10-23,0.0
95,2005-10-30,2048.213104865421
96,2005-11-06,705.2151595152737
97,2005-11-13,0.0
98,2005-11-20,676.0192788227811
99,2005-11-27,0.0
100,2005-12-04,0.0
101,2005-12-11,0.0
102,2005-12-18,0.0
103,2005-12-25,1161.7028709660035
104,2006-01-01,0.0
105,2006-01-08,954.0212597909108
106,2006-01-15,0.0
107,2006-01-22,0.0
108,2006-01-29,2259.5412692753303
109,2006-02-05,0.0
110,2006-02-12,1057.3729874760973
111,2006-02-19,0.0
112,2006-02-26,0.0
113,2006-03-05,0.0
114,2006-03-12,0.0
115,2006-03-19,0.0
116,2006-03-26,923.9502641640812
117,2006-04-02,0.0
118,2006-04-09,0.0
119,2006-04-16,0.0
120,2006-04-23,0.0
121,2006-04-30,0.0
122,2006-05-07,0.0
123,2006-05-14,0.0
124,2006-05-21,0.0
125,2006-05-28,0.0
126,2006-06-04,0.0
127,2006-06-11,0.0
128,2006-06-18,0.0
129,2006-06-25,1712.3568115954931
130,2006-07-02,0.0
131,2006-07-09,0.0
132,2006-07-16,1735.2838589831508
133,2006-07-23,0.0
134,2006-07-30,575.3203560453264
135,2006-08-06,0.0
136,2006-08-13,473.90072274542956
137,2006-08-20,692.649018246246
138,2006-08-27,0.0
139,2006-09-03,528.2647725103811
140,2006-09-10,0.0
141,2006-09-17,0.0
142,2006-09-24,0.0
143,2006-10-01,0.0
144,2006-10-08,609.1590134090657
145,2006-10-15,524.1734308029796
146,2006-10-22,0.0
147,2006-10-29,0.0
148,2006-11-05,0.0
149,2006-11-12,570.5247700003366
150,2006-11-19,0.0
151,2006-11-26,428.92667679649134
152,2006-12-03,0.0
153,2006-12-10,780.0427372018826
154,2006-12-17,0.0
155,2006-12-24,0.0
156,2006-12-31,0.0
157,2007-01-07,383.8986540987953
158,2007-01-14,1068.8377580502413
159,2007-01-21,362.11981880456096
160,2007-01-28,0.0
161,2007-02-04,388.75948489771685
162,2007-02-11,0.0
163,2007-02-18,0.0
164,2007-02-25,1550.9784262009289
165,2007-03-04,0.0
166,2007-03-11,0.0
167,2007-03-18,0.0
168,2007-03-25,369.1414593307481
169,2007-04-01,0.0
170,2007-04-08,0.0
171,2007-04-15,0.0
172,2007-04-22,483.66207618125515
173,2007-04-29,0.0
174,2007-05-06,0.0
175,2007-05-13,0.0
176,2007-05-20,0.0
177,2007-05-27,0.0
178,2007-06-03,0.0
179,2007-06-10,757.5344312483545
180,2007-06-17,0.0
181,2007-06-24,0.0
182,2007-07-01,0.0
183,2007-07-08,0.0
184,2007-07-15,0.0
185,2007-07-22,673.0529082612708
186,2007-07-29,0.0
187,2007-08-05,0.0
188,2007-08-12,0.0
189,2007-08-19,0.0
190,2007-08-26,559.9380524908768
191,2007-09-02,0.0
192,2007-09-09,0.0
193,2007-09-16,0.0
194,2007-09-23,0.0
195,2007-09-30,0.0
196,2007-10-07,0.0
197,2007-10-14,0.0
198,2007-10-21,0.0
199,2007-10-28,448.1207807137931
200,2007-11-04,0.0
201,2007-11-11,0.0
202,2007-11-18,0.0
203,2007-11-25,0.0
204,2007-12-02,0.0
205,2007-12-09,0.0
206,2007-12-16,0.0
207,2007-12-23,0.0
208,2007-12-30,0.0
209,2008-01-06,0.0
210,2008-01-13,318.59216825528404
211,2008-01-20,0.0
212,2008-01-27,431.8110936154467
213,2008-02-03,634.8573971255947
214,2008-02-10,0.0
215,2008-02-17,277.2341565866239
216,2008-02-24,0.0
217,2008-03-02,1120.396458652162
218,2008-03-09,0.0
219,2008-03-16,0.0
220,2008-03-23,0.0
221,2008-03-30,0.0
222,2008-04-06,0.0
223,2008-04-13,0.0
224,2008-04-20,0.0
225,2008-04-27,0.0
226,2008-05-04,438.1759266880991
227,2008-05-11,0.0
228,2008-05-18,0.0
229,2008-05-25,0.0
230,2008-06-01,0.0
231,2008-06-08,0.0
232,2008-06-15,0.0
233,2008-06-22,0.0
234,2008-06-29,632.7709917269873
235,2008-07-06,0.0
236,2008-07-13,0.0
237,2008-07-20,564.9334664197942
238,2008-07-27,0.0
239,2008-08-03,0.0
240,2008-08-10,0.0
241,2008-08-17,0.0
242,2008-08-24,0.0
243,2008-08-31,291.55158244980595
244,2008-09-07,0.0
245,2008-09-14,0.0
246,2008-09-21,0.0
247,2008-09-28,0.0
248,2008-10-05,0.0
249,2008-10-12,0.0
250,2008-10-19,0.0
251,2008-10-26,0.0
252,2008-11-02,0.0
253,2008-11-09,0.0
254,2008-11-16,0.0
255,2008-11-23,0.0
256,2008-11-30,0.0
257,2008-12-07,0.0
258,2008-12-14,0.0
259,2008-12-21,0.0
260,2008-12-28,0.0
261,2009-01-04,0.0
262,2009-01-11,0.0
263,2009-01-18,271.13597201109866
264,2009-01-25,0.0
265,2009-02-01,0.0
266,2009-02-08,0.0
267,2009-02-15,0.0
268,2009-02-22,0.0
269,2009-03-01,291.70396818513336
270,2009-03-08,0.0
271,2009-03-15,368.80514316111737
272,2009-03-22,0.0
273,2009-03-29,0.0
274,2009-04-05,0.0
275,2009-04-12,330.1923401941576
276,2009-04-19,0.0
277,2009-04-26,0.0
278,2009-05-03,0.0
279,2009-05-10,0.0
280,2009-05-17,0.0
281,2009-05-24,1353.1146690088879
282,2009-05-31,0.0
283,2009-06-07,0.0
284,2009-06-14,260.0772795217296
285,2009-06-21,0.0
286,2009-06-28,0.0
287,2009-07-05,0.0
288,2009-07-12,0.0
289,2009-07-19,0.0
290,2009-07-26,0.0
291,2009-08-02,0.0
292,2009-08-09,0.0
293,2009-08-16,0.0
294,2009-08-23,0.0
295,2009-08-30,306.6096820447772
296,2009-09-06,720.2316384436307
297,2009-09-13,353.55536074036104
298,2009-09-20,0.0
299,2009-09-27,358.8897219614338
300,2009-10-04,0.0
301,2009-10-11,0.0
302,2009-10-18,330.0615476707789
303,2009-10-25,1277.26049155848
304,2009-11-01,0.0
305,2009-11-08,441.3815305089425
306,2009-11-15,0.0
307,2009-11-22,0.0
308,2009-11-29,0.0
309,2009-12-06,246.66663218834233
310,2009-12-13,0.0
311,2009-12-20,0.0
312,2009-12-27,0.0
313,2010-01-03,0.0
314,2010-01-10,0.0
315,2010-01-17,0.0
316,2010-01-24,0.0
317,2010-01-31,293.7046148418954
318,2010-02-07,0.0
319,2010-02-14,283.7736394465025
320,2010-02-21,0.0
321,2010-02-28,0.0
322,2010-03-07,0.0
323,2010-03-14,0.0
324,2010-03-21,0.0
325,2010-03-28,393.09511510745745
326,2010-04-04,0.0
327,2010-04-11,0.0
328,2010-04-18,0.0
329,2010-04-25,0.0
330,2010-05-02,0.0
331,2010-05-09,0.0
332,2010-05-16,0.0
333,2010-05-23,0.0
334,2010-05-30,1151.4637003061678
335,2010-06-06,527.131850734286
336,2010-06-13,0.0
337,2010-06-20,0.0
338,2010-06-27,0.0
339,2010-07-04,0.0
340,2010-07-11,0.0
341,2010-07-18,0.0
342,2010-07-25,0.0
343,2010-08-01,0.0
344,2010-08-08,0.0
345,2010-08-15,0.0
346,2010-08-22,0.0
347,2010-08-29,351.9498160620366
348,2010-09-05,240.70801034457114
349,2010-09-12,378.73019106886863
350,2010-09-19,420.39120610314677
351,2010-09-26,0.0
352,2010-10-03,565.0186686005123
353,2010-10-10,0.0
354,2010-10-17,0.0
355,2010-10-24,689.6511358973476
356,2010-10-31,0.0
357,2010-11-07,0.0
358,2010-11-14,0.0
359,2010-11-21,0.0
360,2010-11-28,278.09586203149394
361,2010-12-05,0.0
362,2010-12-12,0.0
363,2010-12-19,0.0
364,2010-12-26,0.0
365,2011-01-02,0.0
366,2011-01-09,0.0
367,2011-01-16,341.56426617311007
368,2011-01-23,0.0
369,2011-01-30,152.73622486519554
370,2011-02-06,0.0
371,2011-02-13,0.0
372,2011-02-20,0.0
373,2011-02-27,0.0
374,2011-03-06,0.0
375,2011-03-13,0.0
376,2011-03-20,0.0
377,2011-03-27,0.0
378,2011-04-03,0.0
379,2011-04-10,0.0
380,2011-04-17,191.23930091582704
381,2011-04-24,0.0
382,2011-05-01,114.61798726911299
383,2011-05-08,0.0
384,2011-05-15,0.0
385,2011-05-22,0.0
386,2011-05-29,0.0
387,2011-06-05,0.0
388,2011-06-12,0.0
389,2011-06-19,0.0
390,2011-06-26,241.67140432016157
391,2011-07-03,0.0
392,2011-07-10,0.0
393,2011-07-17,0.0
394,2011-07-24,0.0
395,2011-07-31,0.0
396,2011-08-07,0.0
397,2011-08-14,0.0
398,2011-08-21,0.0
399,2011-08-28,0.0
400,2011-09-04,121.68801245587298
401,2011-09-11,0.0
402,2011-09-18,0.0
403,2011-09-25,0.0
404,2011-10-02,0.0
405,2011-10-09,0.0
406,2011-10-16,0.0
407,2011-10-23,0.0
408,2011-10-30,0.0
409,2011-11-06,0.0
410,2011-11-13,222.67767885021834
411,2011-11-20,0.0
412,2011-11-27,111.6473599534517
413,2011-12-04,146.4204200059125
414,2011-12-11,0.0
415,2011-12-18,0.0
416,2011-12-25,0.0
417,2012-01-01,241.20740930248417
418,2012-01-08,157.24047640842088
419,2012-01-15,0.0
420,2012-01-22,0.0
421,2012-01-29,0.0
422,2012-02-05,0.0
423,2012-02-12,0.0
424,2012-02-19,0.0
425,2012-02-26,0.0
426,2012-03-04,0.0
427,2012-03-11,0.0
428,2012-03-18,0.0
429,2012-03-25,199.17195695808238
430,2012-04-01,0.0
431,2012-04-08,159.19522279479838
432,2012-04-15,0.0
433,2012-04-22,0.0
434,2012-04-29,0.0
435,2012-05-06,0.0
436,2012-05-13,163.64242168055677
437,2012-05-20,133.75197266816232
438,2012-05-27,0.0
439,2012-06-03,0.0
440,2012-06-10,0.0
441,2012-06-17,0.0
442,2012-06-24,0.0
443,2012-07-01,123.44603176801485
444,2012-07-08,0.0
445,2012-07-15,0.0
446,2012-07-22,0.0
447,2012-07-29,117.79544584239379
448,2012-08-05,0.0
449,2012-08-12,189.49143186973365
450,2012-08-19,0.0
451,2012-08-26,0.0
452,2012-09-02,136.45495866337322
453,2012-09-09,0.0
454,2012-09-16,0.0
455,2012-09-23,84.22236566677563
456,2012-09-30,0.0
457,2012-10-07,0.0
458,2012-10-14,0.0
459,2012-10-21,129.51675201943632
460,2012-10-28,0.0
461,2012-11-04,81.67499034189662
462,2012-11-11,0.0
463,2012-11-18,0.0
464,2012-11-25,0.0
465,2012-12-02,310.06659365606833
466,2012-12-09,0.0
467,2012-12-16,0.0
468,2012-12-23,0.0
469,2012-12-30,87.40719283902335
470,2013-01-06,516.3793837901333
471,2013-01-13,278.9677726586718
472,2013-01-20,0.0
473,2013-01-27,260.0087812550025
474,2013-02-03,0.0
475,2013-02-10,70.17574912446392
476,2013-02-17,0.0
477,2013-02-24,0.0
478,2013-03-03,0.0
479,2013-03-10,175.8923168916322
480,2013-03-17,0.0
481,2013-03-24,0.0
482,2013-03-31,0.0
483,2013-04-07,0.0
484,2013-04-14,0.0
485,2013-04-21,0.0
486,2013-04-28,0.0
487,2013-05-05,0.0
488,2013-05-12,0.0
489,2013-05-19,230.72938123037656
490,2013-05-26,0.0
491,2013-06-02,0.0
492,2013-06-09,0.0
493,2013-06-16,0.0
494,2013-06-23,0.0
495,2013-06-30,0.0
496,2013-07-07,148.4469771986848
497,2013-07-14,187.9976284439576
498,2013-07-21,133.61126528425856
499,2013-07-28,0.0
500,2013-08-04,0.0
501,2013-08-11,0.0
502,2013-08-18,111.00481595380239
503,2013-08-25,92.95091890270928
504,2013-09-01,144.82186929063573
505,2013-09-08,0.0
506,2013-09-15,207.45764734583653
507,2013-09-22,0.0
508,2013-09-29,0.0
509,2013-10-06,0.0
510,2013-10-13,0.0
511,2013-10-20,0.0
512,2013-10-27,0.0
513,2013-11-03,246.80662850905256
514,2013-11-10,81.58751853787487
515,2013-11-17,0.0
516,2013-11-24,0.0
517,2013-12-01,0.0
518,2013-12-08,0.0
519,2013-12-15,0.0
520,2013-12-22,0.0
521,2013-12-29,0.0
522,2014-01-05,152.61669051712306
523,2014-01-12,0.0
524,2014-01-19,0.0
525,2014-01-26,253.2661589065243
526,2014-02-02,0.0
527,2014-02-09,0.0
528,2014-02-16,151.58128316592754
529,2014-02-23,74.49942555239234
530,2014-03-02,0.0
531,2014-03-09,0.0
532,2014-03-16,0.0
533,2014-03-23,106.59470826404414
534,2014-03-30,0.0
535,2014-04-06,0.0
536,2014-04-13,0.0
537,2014-04-20,0.0
538,2014-04-27,96.59346120302801
539,2014-05-04,0.0
540,2014-05-11,0.0
541,2014-05-18,104.25576205686069
542,2014-05-25,0.0
543,2014-06-01,0.0
544,2014-06-08,0.0
545,2014-06-15,0.0
546,2014-06-22,0.0
547,2014-06-29,0.0
548,2014-07-06,0.0
549,2014-07-13,0.0
550,2014-07-20,0.0
551,2014-07-27,0.0
552,2014-08-03,92.49502110664326
553,2014-08-10,0.0
554,2014-08-17,417.69290814316264
555,2014-08-24,0.0
556,2014-08-31,181.16272663051538
557,2014-09-07,0.0
558,2014-09-14,0.0
559,2014-09-21,85.09631052414854
560,2014-09-28,0.0
561,2014-10-05,0.0
562,2014-10-12,140.50498837539493
563,2014-10-19,240.15982366166406
564,2014-10-26,0.0
565,2014-11-02,98.15487942375152
566,2014-11-09,0.0
567,2014-11-16,172.23086068575302
568,2014-11-23,0.0
569,2014-11-30,248.71673038653472
570,2014-12-07,0.0
571,2014-12-14,91.53050784845618
572,2014-12-21,0.0
573,2014-12-28,354.79261857715693
574,2015-01-04,0.0
575,2015-01-11,140.04803338107442
576,2015-01-18,91.74600583677805
577,2015-01-25,0.0
578,2015-02-01,120.58326397015554
579,2015-02-08,0.0
580,2015-02-15,101.52655168535856
581,2015-02-22,0.0
582,2015-03-01,179.81297533421372
583,2015-03-08,0.0
584,2015-03-15,0.0
585,2015-03-22,0.0
586,2015-03-29,0.0
587,2015-04-05,0.0
588,2015-04-12,0.0
589,2015-04-19,0.0
590,2015-04-26,0.0
591,2015-05-03,0.0
592,2015-05-10,257.2256105897793
593,2015-05-17,92.49050275608332
594,2015-05-24,0.0
595,2015-05-31,0.0
596,2015-06-07,0.0
597,2015-06-14,0.0
598,2015-06-21,0.0
599,2015-06-28,0.0
600,2015-07-05,158.02632099911057
601,2015-07-12,0.0
602,2015-07-19,0.0
603,2015-07-26,0.0
604,2015-08-02,0.0
605,2015-08-09,0.0
606,2015-08-16,0.0
607,2015-08-23,0.0
608,2015-08-30,0.0
609,2015-09-06,85.99910844188507
610,2015-09-13,0.0
611,2015-09-20,319.89227340420024
612,2015-09-27,124.12029009476294
613,2015-10-04,0.0
614,2015-10-11,0.0
615,2015-10-18,136.80735094476825
616,2015-10-25,162.12821510545066
617,2015-11-01,0.0
618,2015-11-08,0.0
619,2015-11-15,0.0
620,2015-11-22,0.0
621,2015-11-29,0.0
622,2015-12-06,83.33578834930655
623,2015-12-13,0.0
624,2015-12-20,0.0
625,2015-12-27,0.0
626,2016-01-03,106.80497721715415
627,2016-01-10,71.68610032839462
628,2016-01-17,0.0
629,2016-01-24,0.0
630,2016-01-31,130.41537647787956
631,2016-02-07,0.0
632,2016-02-14,0.0
633,2016-02-21,0.0
634,2016-02-28,0.0
635,2016-03-06,95.6340657698693
636,2016-03-13,83.04837371130266
637,2016-03-20,0.0
638,2016-03-27,0.0
639,2016-04-03,219.51248936247902
640,2016-04-10,87.21273778224146
641,2016-04-17,0.0
642,2016-04-24,0.0
643,2016-05-01,79.77432370225362
644,2016-05-08,0.0
645,2016-05-15,0.0
646,2016-05-22,158.2731753767408
647,2016-05-29,0.0
648,2016-06-05,147.06207164273792
649,2016-06-12,0.0
650,2016-06-19,0.0
651,2016-06-26,225.2083842047814
652,2016-07-03,0.0
653,2016-07-10,0.0
654,2016-07-17,125.49315479418452
655,2016-07-24,0.0
656,2016-07-31,0.0
657,2016-08-07,0.0
658,2016-08-14,0.0
659,2016-08-21,0.0
660,2016-08-28,123.04232790206456
661,2016-09-04,0.0
662,2016-09-11,67.32275703394518
663,2016-09-18,67.95939166344876
664,2016-09-25,103.72081603129085
665,2016-10-02,67.59915886392068
666,2016-10-09,107.54377575439358
667,2016-10-16,102.18464110249397
668,2016-10-23,63.37926315493093
669,2016-10-30,339.0362881420247
670,2016-11-06,0.0
671,2016-11-13,0.0
672,2016-11-20,0.0
673,2016-11-27,0.0
674,2016-12-04,0.0
675,2016-12-11,84.37687412994424
676,2016-12-18,0.0
677,2016-12-25,75.53904660382592
678,2017-01-01,0.0
679,2017-01-08,0.0
680,2017-01-15,53.539552758364195
681,2017-01-22,0.0
682,2017-01-29,0.0
683,2017-02-05,0.0
684,2017-02-12,0.0
685,2017-02-19,0.0
686,2017-02-26,176.2105672045187
687,2017-03-05,0.0
688,2017-03-12,0.0
689,2017-03-19,81.83021029634266
690,2017-03-26,173.585109950294
691,2017-04-02,61.195061463870346
692,2017-04-09,0.0
693,2017-04-16,0.0
694,2017-04-23,0.0
695,2017-04-30,0.0
696,2017-05-07,0.0
697,2017-05-14,0.0
698,2017-05-21,75.7147551163861
699,2017-05-28,248.11112193526563
700,2017-06-04,0.0
701,2017-06-11,0.0
702,2017-06-18,57.05443440329914
703,2017-06-25,242.03347440321582
704,2017-07-02,74.36695156966553
705,2017-07-09,115.43197876379608
706,2017-07-16,0.0
707,2017-07-23,0.0
708,2017-07-30,97.90415355232658
709,2017-08-06,115.17686058518707
710,2017-08-13,123.52186806141468
711,2017-08-20,0.0
712,2017-08-27,0.0
713,2017-09-03,101.90714803114913
714,2017-09-10,0.0
715,2017-09-17,138.78746092380615
716,2017-09-24,147.17518556792638
717,2017-10-01,99.60815737386454
718,2017-10-08,85.16468642187981
719,2017-10-15,71.8747447345901
720,2017-10-22,78.75140112812026
721,2017-10-29,103.39262119620602
722,2017-11-05,0.0
723,2017-11-12,0.0
724,2017-11-19,0.0
725,2017-11-26,217.93740149554208
726,2017-12-03,64.6439191666886
727,2017-12-10,101.3084592729922
728,2017-12-17,146.8702112820263
729,2017-12-24,0.0
730,2017-12-31,77.97908748361348
731,2018-01-07,267.0507637531056
732,2018-01-14,242.62874315412654
733,2018-01-21,481.50058476275257
734,2018-01-28,479.26441017036353
735,2018-02-04,337.0147655855911
736,2018-02-11,533.2055054517542
737,2018-02-18,287.02518872368006
738,2018-02-25,57.254944998575645
739,2018-03-04,0.0
740,2018-03-11,0.0
741,2018-03-18,0.0
742,2018-03-25,123.99916260414969
743,2018-04-01,85.96431515828066
744,2018-04-08,0.0
745,2018-04-15,0.0
746,2018-04-22,55.97318177756847
747,2018-04-29,0.0
748,2018-05-06,113.01458103200132
749,2018-05-13,102.44177469077185
750,2018-05-20,135.85895618418567
751,2018-05-27,77.40797478342093
752,2018-06-03,0.0
753,2018-06-10,0.0
754,2018-06-17,76.39817051742179
755,2018-06-24,141.94500113963406
756,2018-07-01,0.0
757,2018-07-08,139.64079701742466
758,2018-07-15,0.0
759,2018-07-22,332.9054324605236
760,2018-07-29,0.0
761,2018-08-05,0.0
762,2018-08-12,0.0
763,2018-08-19,136.95927892836048
764,2018-08-26,124.18491575747781
765,2018-09-02,65.62284449455221
766,2018-09-09,0.0
767,2018-09-16,0.0
768,2018-09-23,164.46640526193227
769,2018-09-30,228.18003849380057
770,2018-10-07,61.70456612103221
771,2018-10-14,264.5124407847874
772,2018-10-21,142.29558791873436
773,2018-10-28,102.74727479787579
774,2018-11-04,132.67305973318713
775,2018-11-11,0.0
776,2018-11-18,0.0
777,2018-11-25,0.0
778,2018-12-02,0.0
779,2018-12-09,60.9327698030245
780,2018-12-16,0.0
781,2018-12-23,73.41563271452321
782,2018-12-30,0.0
783,2019-01-06,150.5237389743477
784,2019-01-13,194.36607310066896
785,2019-01-20,201.82335466769808
786,2019-01-27,133.01225921978792
787,2019-02-03,197.15903780474446
788,2019-02-10,68.01356853421143
789,2019-02-17,132.3476881200426
790,2019-02-24,136.42833565680223
791,2019-03-03,113.90099466175691
792,2019-03-10,0.0
793,2019-03-17,56.79513915234826
794,2019-03-24,115.119027489987
795,2019-03-31,0.0
796,2019-04-07,133.32422812366346
797,2019-04-14,0.0
798,2019-04-21,68.37275691648622
799,2019-04-28,0.0
800,2019-05-05,0.0
801,2019-05-12,0.0
802,2019-05-19,0.0
803,2019-05-26,57.3495709664363
804,2019-06-02,51.008768323335296
805,2019-06-09,0.0
806,2019-06-16,149.2228161892749
807,2019-06-23,90.36181306658656
808,2019-06-30,0.0
809,2019-07-07,0.0
810,2019-07-14,0.0
811,2019-07-21,0.0
812,2019-07-28,0.0
813,2019-08-04,91.87031342793506
814,2019-08-11,0.0
815,2019-08-18,235.42198177929012
816,2019-08-25,63.41859514066765
817,2019-09-01,58.30782562911505
818,2019-09-08,184.35828132286784
819,2019-09-15,51.49274551482849
820,2019-09-22,0.0
821,2019-09-29,193.41833385168073
822,2019-10-06,202.65716930598788
823,2019-10-13,70.99538300056668
824,2019-10-20,0.0
825,2019-10-27,0.0
826,2019-11-03,0.0
827,2019-11-10,88.1865980594517
828,2019-11-17,159.15763535239012
829,2019-11-24,0.0
830,2019-12-01,0.0
831,2019-12-08,126.66306189125838
832,2019-12-15,51.258139838023446
833,2019-12-22,60.72357737010576
834,2019-12-29,115.14130589306427
835,2020-01-05,105.66140531276582
836,2020-01-12,168.92457861790027
837,2020-01-19,178.5003225314213
838,2020-01-26,390.50420881296003
839,2020-02-02,140.2055163990743
840,2020-02-09,219.4527027948986
841,2020-02-16,138.7521978774077
842,2020-02-23,194.3428134718755
843,2020-03-01,264.0768002369814
844,2020-03-08,434.57308641598974
845,2020-03-15,269.27242332918917
846,2020-03-22,473.25154410347545
847,2020-03-29,184.3930702357954
848,2020-04-05,138.25585263029498
849,2020-04-12,131.44412292750204
850,2020-04-19,251.25880048684226
851,2020-04-26,180.40103386841832
852,2020-05-03,164.21536236221363
853,2020-05-10,0.0
854,2020-05-17,0.0
855,2020-05-24,72.2217065955714
856,2020-05-31,42.31490563691774
857,2020-06-07,0.0
858,2020-06-14,87.61572062793428
859,2020-06-21,51.061284204740964
860,2020-06-28,0.0
861,2020-07-05,98.2364372805595
862,2020-07-12,110.30808858120916
863,2020-07-19,0.0
864,2020-07-26,40.13122329507973
865,2020-08-02,0.0
866,2020-08-09,94.03058457619946
867,2020-08-16,211.2975712419056
868,2020-08-23,61.599561623350674
869,2020-08-30,179.70027622689543
870,2020-09-06,246.67736503857478
871,2020-09-13,312.26113896355554
872,2020-09-20,87.55537569827267
873,2020-09-27,228.2892877132784
874,2020-10-04,193.1321263458758
875,2020-10-11,0.0
876,2020-10-18,128.07421838074546
877,2020-10-25,75.17264713424483
878,2020-11-01,117.99461531012773
879,2020-11-08,99.18388207926932
880,2020-11-15,77.48190039144137
881,2020-11-22,0.0
882,2020-11-29,45.319262383734646
883,2020-12-06,107.87221731333811
884,2020-12-13,58.74423479088873
885,2020-12-20,0.0
886,2020-12-27,107.77718609349621
887,2021-01-03,88.5981081733552
888,2021-01-10,89.85780270960568
889,2021-01-17,0.0
890,2021-01-24,42.55486620086142
891,2021-01-31,0.0
892,2021-02-07,67.13332397281145
893,2021-02-14,0.0
894,2021-02-21,0.0
895,2021-02-28,0.0
896,2021-03-07,0.0
897,2021-03-14,50.24354090733097
898,2021-03-21,0.0
899,2021-03-28,0.0
900,2021-04-04,85.78895889308812
901,2021-04-11,0.0
902,2021-04-18,0.0
903,2021-04-25,115.7799651338239
904,2021-05-02,0.0
905,2021-05-09,0.0
906,2021-05-16,0.0
907,2021-05-23,0.0
908,2021-05-30,0.0
909,2021-06-06,0.0
910,2021-06-13,0.0
911,2021-06-20,0.0
912,2021-06-27,0.0
913,2021-07-04,0.0
914,2021-07-11,0.0
915,2021-07-18,62.94274132970479
916,2021-07-25,0.0
917,2021-08-01,57.927186223357815
918,2021-08-08,0.0
919,2021-08-15,93.84538625911136
920,2021-08-22,109.76037499593069
921,2021-08-29,0.0
922,2021-09-05,79.53603498158724
923,2021-09-12,0.0
924,2021-09-19,49.68057460961202
925,2021-09-26,0.0
926,2021-10-03,109.18399152811395
927,2021-10-10,51.87755493678012
928,2021-10-17,68.52986053562805
929,2021-10-24,0.0
930,2021-10-31,0.0
931,2021-11-07,0.0
932,2021-11-14,58.921331977533654
933,2021-11-21,0.0
934,2021-11-28,51.77216892684484
935,2021-12-05,93.46944987157335
936,2021-12-12,0.0
937,2021-12-19,67.09190752831798
938,2021-12-26,168.49364273164812
939,2022-01-02,0.0
940,2022-01-09,0.0
941,2022-01-16,0.0
942,2022-01-23,0.0
943,2022-01-30,0.0
944,2022-02-06,0.0
945,2022-02-13,0.0
946,2022-02-20,42.882732115123794
947,2022-02-27,41.85361353514931
948,2022-03-06,67.2711172708601
949,2022-03-13,56.18668137552155
950,2022-03-20,0.0
951,2022-03-27,55.74386154253696
952,2022-04-03,0.0
953,2022-04-10,0.0
954,2022-04-17,0.0
955,2022-04-24,0.0
956,2022-05-01,0.0
957,2022-05-08,0.0
958,2022-05-15,0.0
959,2022-05-22,0.0
960,2022-05-29,48.52692052398275
961,2022-06-05,0.0
962,2022-06-12,0.0
963,2022-06-19,0.0
964,2022-06-26,0.0
965,2022-07-03,49.46947978093089
966,2022-07-10,0.0
967,2022-07-17,0.0
968,2022-07-24,0.0
969,2022-07-31,0.0
970,2022-08-07,62.32881961359656
971,2022-08-14,0.0
972,2022-08-21,219.08055020097214
973,2022-08-28,106.98288336247846
974,2022-09-04,107.88270000982331
975,2022-09-11,129.793787969773
976,2022-09-18,78.80702190379897
977,2022-09-25,84.09441275198749
978,2022-10-02,52.310888408502315
979,2022-10-09,77.24056310809276
980,2022-10-16,105.98290773075753
981,2022-10-23,71.71212802811348
982,2022-10-30,97.02538798481818
983,2022-11-06,67.99873979647292
984,2022-11-13,102.40210161409506
985,2022-11-20,0.0
986,2022-11-27,0.0
987,2022-12-04,0.0
988,2022-12-11,74.533482536876
989,2022-12-18,0.0
990,2022-12-25,93.93068252621202
991,2023-01-01,0.0
992,2023-01-08,0.0
993,2023-01-15,0.0
994,2023-01-22,55.71950829905304
995,2023-01-29,0.0
