,date,flu incubation
0,2004-01-04,0.0
1,2004-01-11,0.0
2,2004-01-18,0.0
3,2004-01-25,0.0
4,2004-02-01,0.0
5,2004-02-08,0.0
6,2004-02-15,0.0
7,2004-02-22,1195.2260880687904
8,2004-02-29,0.0
9,2004-03-07,0.0
10,2004-03-14,0.0
11,2004-03-21,0.0
12,2004-03-28,770.2668476381205
13,2004-04-04,1302.488500109961
14,2004-04-11,0.0
15,2004-04-18,1054.4002061260962
16,2004-04-25,755.2298213236159
17,2004-05-02,0.0
18,2004-05-09,0.0
19,2004-05-16,0.0
20,2004-05-23,0.0
21,2004-05-30,0.0
22,2004-06-06,928.735771417807
23,2004-06-13,1263.9772010618715
24,2004-06-20,0.0
25,2004-06-27,0.0
26,2004-07-04,0.0
27,2004-07-11,0.0
28,2004-07-18,0.0
29,2004-07-25,0.0
30,2004-08-01,0.0
31,2004-08-08,0.0
32,2004-08-15,0.0
33,2004-08-22,0.0
34,2004-08-29,0.0
35,2004-09-05,0.0
36,2004-09-12,1083.2061280649298
37,2004-09-19,0.0
38,2004-09-26,0.0
39,2004-10-03,0.0
40,2004-10-10,0.0
41,2004-10-17,0.0
42,2004-10-24,0.0
43,2004-10-31,0.0
44,2004-11-07,0.0
45,2004-11-14,0.0
46,2004-11-21,0.0
47,2004-11-28,0.0
48,2004-12-05,0.0
49,2004-12-12,0.0
50,2004-12-19,0.0
51,2004-12-26,0.0
52,2005-01-02,772.8859876479576
53,2005-01-09,0.0
54,2005-01-16,0.0
55,2005-01-23,0.0
56,2005-01-30,0.0
57,2005-02-06,493.6516768684094
58,2005-02-13,0.0
59,2005-02-20,0.0
60,2005-02-27,0.0
61,2005-03-06,0.0
62,2005-03-13,452.9249024776567
63,2005-03-20,0.0
64,2005-03-27,0.0
65,2005-04-03,0.0
66,2005-04-10,0.0
67,2005-04-17,0.0
68,2005-04-24,0.0
69,2005-05-01,0.0
70,2005-05-08,658.2624149140088
71,2005-05-15,0.0
72,2005-05-22,0.0
73,2005-05-29,0.0
74,2005-06-05,0.0
75,2005-06-12,0.0
76,2005-06-19,0.0
77,2005-06-26,0.0
78,2005-07-03,588.5355493563524
79,2005-07-10,0.0
80,2005-07-17,0.0
81,2005-07-24,0.0
82,2005-07-31,0.0
83,2005-08-07,0.0
84,2005-08-14,0.0
85,2005-08-21,0.0
86,2005-08-28,0.0
87,2005-09-04,0.0
88,2005-09-11,0.0
89,2005-09-18,0.0
90,2005-09-25,0.0
91,2005-10-02,0.0
92,2005-10-09,0.0
93,2005-10-16,0.0
94,2005-10-23,687.6075758437811
95,2005-10-30,768.554227230435
96,2005-11-06,0.0
97,2005-11-13,0.0
98,2005-11-20,476.1110573822938
99,2005-11-27,0.0
100,2005-12-04,0.0
101,2005-12-11,0.0
102,2005-12-18,0.0
103,2005-12-25,0.0
104,2006-01-01,442.8818414531436
105,2006-01-08,0.0
106,2006-01-15,0.0
107,2006-01-22,0.0
108,2006-01-29,0.0
109,2006-02-05,0.0
110,2006-02-12,0.0
111,2006-02-19,0.0
112,2006-02-26,844.4014475391511
113,2006-03-05,0.0
114,2006-03-12,0.0
115,2006-03-19,0.0
116,2006-03-26,0.0
117,2006-04-02,332.0617957169448
118,2006-04-09,0.0
119,2006-04-16,0.0
120,2006-04-23,553.8236361596329
121,2006-04-30,0.0
122,2006-05-07,574.8590985267168
123,2006-05-14,0.0
124,2006-05-21,0.0
125,2006-05-28,0.0
126,2006-06-04,390.5417205287875
127,2006-06-11,308.7501112399063
128,2006-06-18,0.0
129,2006-06-25,546.7321485479537
130,2006-07-02,0.0
131,2006-07-09,0.0
132,2006-07-16,295.5145520460213
133,2006-07-23,2003.0759624756492
134,2006-07-30,0.0
135,2006-08-06,0.0
136,2006-08-13,351.98334625304386
137,2006-08-20,0.0
138,2006-08-27,0.0
139,2006-09-03,0.0
140,2006-09-10,0.0
141,2006-09-17,0.0
142,2006-09-24,0.0
143,2006-10-01,0.0
144,2006-10-08,0.0
145,2006-10-15,0.0
146,2006-10-22,0.0
147,2006-10-29,0.0
148,2006-11-05,0.0
149,2006-11-12,0.0
150,2006-11-19,337.32029457804845
151,2006-11-26,0.0
152,2006-12-03,0.0
153,2006-12-10,0.0
154,2006-12-17,0.0
155,2006-12-24,295.26727292835386
156,2006-12-31,416.78244865402576
157,2007-01-07,0.0
158,2007-01-14,0.0
159,2007-01-21,0.0
160,2007-01-28,0.0
161,2007-02-04,0.0
162,2007-02-11,0.0
163,2007-02-18,0.0
164,2007-02-25,208.7282442957728
165,2007-03-04,0.0
166,2007-03-11,0.0
167,2007-03-18,265.92778681620103
168,2007-03-25,0.0
169,2007-04-01,0.0
170,2007-04-08,0.0
171,2007-04-15,0.0
172,2007-04-22,0.0
173,2007-04-29,0.0
174,2007-05-06,0.0
175,2007-05-13,0.0
176,2007-05-20,0.0
177,2007-05-27,0.0
178,2007-06-03,0.0
179,2007-06-10,0.0
180,2007-06-17,0.0
181,2007-06-24,0.0
182,2007-07-01,0.0
183,2007-07-08,0.0
184,2007-07-15,0.0
185,2007-07-22,0.0
186,2007-07-29,228.85136150988424
187,2007-08-05,0.0
188,2007-08-12,0.0
189,2007-08-19,0.0
190,2007-08-26,0.0
191,2007-09-02,0.0
192,2007-09-09,0.0
193,2007-09-16,0.0
194,2007-09-23,0.0
195,2007-09-30,0.0
196,2007-10-07,0.0
197,2007-10-14,0.0
198,2007-10-21,656.321290210568
199,2007-10-28,0.0
200,2007-11-04,182.73120533248695
201,2007-11-11,0.0
202,2007-11-18,0.0
203,2007-11-25,0.0
204,2007-12-02,0.0
205,2007-12-09,0.0
206,2007-12-16,620.2131839741957
207,2007-12-23,396.9499333596096
208,2007-12-30,0.0
209,2008-01-06,0.0
210,2008-01-13,0.0
211,2008-01-20,0.0
212,2008-01-27,0.0
213,2008-02-03,0.0
214,2008-02-10,0.0
215,2008-02-17,0.0
216,2008-02-24,0.0
217,2008-03-02,0.0
218,2008-03-09,0.0
219,2008-03-16,158.1264121911322
220,2008-03-23,0.0
221,2008-03-30,186.74444906222112
222,2008-04-06,0.0
223,2008-04-13,308.53553377846936
224,2008-04-20,365.96352401827767
225,2008-04-27,0.0
226,2008-05-04,0.0
227,2008-05-11,0.0
228,2008-05-18,0.0
229,2008-05-25,0.0
230,2008-06-01,0.0
231,2008-06-08,0.0
232,2008-06-15,0.0
233,2008-06-22,0.0
234,2008-06-29,0.0
235,2008-07-06,0.0
236,2008-07-13,0.0
237,2008-07-20,0.0
238,2008-07-27,0.0
239,2008-08-03,0.0
240,2008-08-10,0.0
241,2008-08-17,0.0
242,2008-08-24,0.0
243,2008-08-31,268.2898909302626
244,2008-09-07,0.0
245,2008-09-14,0.0
246,2008-09-21,0.0
247,2008-09-28,0.0
248,2008-10-05,0.0
249,2008-10-12,0.0
250,2008-10-19,0.0
251,2008-10-26,359.69826445367306
252,2008-11-02,0.0
253,2008-11-09,0.0
254,2008-11-16,156.06857770831553
255,2008-11-23,0.0
256,2008-11-30,0.0
257,2008-12-07,0.0
258,2008-12-14,310.61572072575984
259,2008-12-21,0.0
260,2008-12-28,305.09864052080064
261,2009-01-04,0.0
262,2009-01-11,0.0
263,2009-01-18,0.0
264,2009-01-25,0.0
265,2009-02-01,136.403517313046
266,2009-02-08,0.0
267,2009-02-15,0.0
268,2009-02-22,0.0
269,2009-03-01,0.0
270,2009-03-08,0.0
271,2009-03-15,0.0
272,2009-03-22,0.0
273,2009-03-29,0.0
274,2009-04-05,149.7849017896486
275,2009-04-12,0.0
276,2009-04-19,0.0
277,2009-04-26,764.988752780021
278,2009-05-03,0.0
279,2009-05-10,201.72927042676164
280,2009-05-17,0.0
281,2009-05-24,187.21460174003835
282,2009-05-31,0.0
283,2009-06-07,197.7043617774546
284,2009-06-14,172.449636725464
285,2009-06-21,191.37976124127263
286,2009-06-28,0.0
287,2009-07-05,0.0
288,2009-07-12,0.0
289,2009-07-19,0.0
290,2009-07-26,289.9862020723563
291,2009-08-02,0.0
292,2009-08-09,0.0
293,2009-08-16,0.0
294,2009-08-23,0.0
295,2009-08-30,0.0
296,2009-09-06,0.0
297,2009-09-13,199.4754218805326
298,2009-09-20,0.0
299,2009-09-27,0.0
300,2009-10-04,0.0
301,2009-10-11,0.0
302,2009-10-18,387.73167363756454
303,2009-10-25,0.0
304,2009-11-01,324.7146808583782
305,2009-11-08,221.7920482819016
306,2009-11-15,249.73044794191463
307,2009-11-22,0.0
308,2009-11-29,0.0
309,2009-12-06,0.0
310,2009-12-13,0.0
311,2009-12-20,0.0
312,2009-12-27,225.60834804541295
313,2010-01-03,277.2538833213934
314,2010-01-10,230.34986124478635
315,2010-01-17,118.24817062472844
316,2010-01-24,0.0
317,2010-01-31,0.0
318,2010-02-07,0.0
319,2010-02-14,0.0
320,2010-02-21,226.66671610862517
321,2010-02-28,0.0
322,2010-03-07,0.0
323,2010-03-14,0.0
324,2010-03-21,0.0
325,2010-03-28,99.1024639809339
326,2010-04-04,0.0
327,2010-04-11,0.0
328,2010-04-18,0.0
329,2010-04-25,0.0
330,2010-05-02,191.77379964651752
331,2010-05-09,0.0
332,2010-05-16,0.0
333,2010-05-23,0.0
334,2010-05-30,0.0
335,2010-06-06,0.0
336,2010-06-13,0.0
337,2010-06-20,0.0
338,2010-06-27,0.0
339,2010-07-04,0.0
340,2010-07-11,357.0820983293096
341,2010-07-18,0.0
342,2010-07-25,0.0
343,2010-08-01,0.0
344,2010-08-08,0.0
345,2010-08-15,0.0
346,2010-08-22,0.0
347,2010-08-29,0.0
348,2010-09-05,0.0
349,2010-09-12,0.0
350,2010-09-19,0.0
351,2010-09-26,0.0
352,2010-10-03,0.0
353,2010-10-10,0.0
354,2010-10-17,0.0
355,2010-10-24,0.0
356,2010-10-31,251.16829158127675
357,2010-11-07,0.0
358,2010-11-14,0.0
359,2010-11-21,0.0
360,2010-11-28,0.0
361,2010-12-05,207.72632201485922
362,2010-12-12,0.0
363,2010-12-19,0.0
364,2010-12-26,0.0
365,2011-01-02,0.0
366,2011-01-09,189.34432237194463
367,2011-01-16,123.84134918075611
368,2011-01-23,0.0
369,2011-01-30,67.55821860913086
370,2011-02-06,132.13339768659708
371,2011-02-13,0.0
372,2011-02-20,0.0
373,2011-02-27,0.0
374,2011-03-06,0.0
375,2011-03-13,0.0
376,2011-03-20,0.0
377,2011-03-27,0.0
378,2011-04-03,350.56182888515207
379,2011-04-10,0.0
380,2011-04-17,0.0
381,2011-04-24,271.7754374219271
382,2011-05-01,153.69212088754242
383,2011-05-08,0.0
384,2011-05-15,0.0
385,2011-05-22,0.0
386,2011-05-29,0.0
387,2011-06-05,0.0
388,2011-06-12,0.0
389,2011-06-19,0.0
390,2011-06-26,0.0
391,2011-07-03,0.0
392,2011-07-10,0.0
393,2011-07-17,0.0
394,2011-07-24,0.0
395,2011-07-31,0.0
396,2011-08-07,0.0
397,2011-08-14,70.71247521443445
398,2011-08-21,0.0
399,2011-08-28,0.0
400,2011-09-04,0.0
401,2011-09-11,0.0
402,2011-09-18,0.0
403,2011-09-25,0.0
404,2011-10-02,0.0
405,2011-10-09,0.0
406,2011-10-16,0.0
407,2011-10-23,92.52690009758109
408,2011-10-30,0.0
409,2011-11-06,0.0
410,2011-11-13,66.44273035735766
411,2011-11-20,0.0
412,2011-11-27,0.0
413,2011-12-04,61.683113891175076
414,2011-12-11,0.0
415,2011-12-18,0.0
416,2011-12-25,147.40773893162103
417,2012-01-01,0.0
418,2012-01-08,0.0
419,2012-01-15,0.0
420,2012-01-22,0.0
421,2012-01-29,0.0
422,2012-02-05,151.97775349354083
423,2012-02-12,0.0
424,2012-02-19,0.0
425,2012-02-26,71.77900832826705
426,2012-03-04,0.0
427,2012-03-11,0.0
428,2012-03-18,0.0
429,2012-03-25,0.0
430,2012-04-01,0.0
431,2012-04-08,0.0
432,2012-04-15,0.0
433,2012-04-22,0.0
434,2012-04-29,78.90858745822999
435,2012-05-06,0.0
436,2012-05-13,0.0
437,2012-05-20,105.621990674796
438,2012-05-27,0.0
439,2012-06-03,0.0
440,2012-06-10,0.0
441,2012-06-17,0.0
442,2012-06-24,0.0
443,2012-07-01,0.0
444,2012-07-08,0.0
445,2012-07-15,0.0
446,2012-07-22,0.0
447,2012-07-29,0.0
448,2012-08-05,0.0
449,2012-08-12,0.0
450,2012-08-19,0.0
451,2012-08-26,0.0
452,2012-09-02,230.77170929143537
453,2012-09-09,0.0
454,2012-09-16,0.0
455,2012-09-23,0.0
456,2012-09-30,284.27037509161016
457,2012-10-07,0.0
458,2012-10-14,0.0
459,2012-10-21,0.0
460,2012-10-28,102.24086787018014
461,2012-11-04,92.50942874248183
462,2012-11-11,0.0
463,2012-11-18,0.0
464,2012-11-25,0.0
465,2012-12-02,0.0
466,2012-12-09,0.0
467,2012-12-16,96.29999660120605
468,2012-12-23,166.2139791126836
469,2012-12-30,112.49326756636283
470,2013-01-06,177.97896987144122
471,2013-01-13,189.9044615923143
472,2013-01-20,188.74688225364514
473,2013-01-27,0.0
474,2013-02-03,0.0
475,2013-02-10,51.19303247825524
476,2013-02-17,0.0
477,2013-02-24,0.0
478,2013-03-03,103.10047292594834
479,2013-03-10,94.93049122731834
480,2013-03-17,76.37438557449155
481,2013-03-24,54.57067080731175
482,2013-03-31,0.0
483,2013-04-07,0.0
484,2013-04-14,0.0
485,2013-04-21,133.91795698274814
486,2013-04-28,0.0
487,2013-05-05,0.0
488,2013-05-12,0.0
489,2013-05-19,58.87509170051859
490,2013-05-26,0.0
491,2013-06-02,0.0
492,2013-06-09,0.0
493,2013-06-16,0.0
494,2013-06-23,0.0
495,2013-06-30,0.0
496,2013-07-07,0.0
497,2013-07-14,0.0
498,2013-07-21,0.0
499,2013-07-28,0.0
500,2013-08-04,0.0
501,2013-08-11,0.0
502,2013-08-18,0.0
503,2013-08-25,0.0
504,2013-09-01,0.0
505,2013-09-08,0.0
506,2013-09-15,0.0
507,2013-09-22,0.0
508,2013-09-29,0.0
509,2013-10-06,0.0
510,2013-10-13,0.0
511,2013-10-20,0.0
512,2013-10-27,0.0
513,2013-11-03,0.0
514,2013-11-10,0.0
515,2013-11-17,54.69739187702417
516,2013-11-24,71.52933539143947
517,2013-12-01,66.95920768846057
518,2013-12-08,0.0
519,2013-12-15,60.98431128579574
520,2013-12-22,0.0
521,2013-12-29,144.22302061137006
522,2014-01-05,0.0
523,2014-01-12,0.0
524,2014-01-19,146.42735848086738
525,2014-01-26,45.174123436385734
526,2014-02-02,0.0
527,2014-02-09,0.0
528,2014-02-16,0.0
529,2014-02-23,43.82990792695692
530,2014-03-02,0.0
531,2014-03-09,0.0
532,2014-03-16,0.0
533,2014-03-23,0.0
534,2014-03-30,0.0
535,2014-04-06,0.0
536,2014-04-13,0.0
537,2014-04-20,0.0
538,2014-04-27,0.0
539,2014-05-04,59.484301220694576
540,2014-05-11,0.0
541,2014-05-18,0.0
542,2014-05-25,0.0
543,2014-06-01,0.0
544,2014-06-08,0.0
545,2014-06-15,0.0
546,2014-06-22,69.73506417538533
547,2014-06-29,0.0
548,2014-07-06,0.0
549,2014-07-13,0.0
550,2014-07-20,0.0
551,2014-07-27,0.0
552,2014-08-03,0.0
553,2014-08-10,0.0
554,2014-08-17,0.0
555,2014-08-24,0.0
556,2014-08-31,0.0
557,2014-09-07,0.0
558,2014-09-14,0.0
559,2014-09-21,0.0
560,2014-09-28,70.2725866030377
561,2014-10-05,0.0
562,2014-10-12,0.0
563,2014-10-19,0.0
564,2014-10-26,0.0
565,2014-11-02,0.0
566,2014-11-09,0.0
567,2014-11-16,0.0
568,2014-11-23,0.0
569,2014-11-30,47.66597175223212
570,2014-12-07,145.1560180892856
571,2014-12-14,62.73026282836546
572,2014-12-21,151.0150564790088
573,2014-12-28,0.0
574,2015-01-04,223.07800310222262
575,2015-01-11,121.33190589598091
576,2015-01-18,0.0
577,2015-01-25,78.45210424004911
578,2015-02-01,0.0
579,2015-02-08,0.0
580,2015-02-15,0.0
581,2015-02-22,0.0
582,2015-03-01,0.0
583,2015-03-08,0.0
584,2015-03-15,0.0
585,2015-03-22,0.0
586,2015-03-29,0.0
587,2015-04-05,75.76376253408479
588,2015-04-12,103.28125894148371
589,2015-04-19,0.0
590,2015-04-26,0.0
591,2015-05-03,69.1208851037392
592,2015-05-10,0.0
593,2015-05-17,190.1648851779332
594,2015-05-24,0.0
595,2015-05-31,0.0
596,2015-06-07,0.0
597,2015-06-14,0.0
598,2015-06-21,0.0
599,2015-06-28,0.0
600,2015-07-05,0.0
601,2015-07-12,0.0
602,2015-07-19,160.2834028809446
603,2015-07-26,0.0
604,2015-08-02,137.7109304931105
605,2015-08-09,0.0
606,2015-08-16,0.0
607,2015-08-23,0.0
608,2015-08-30,0.0
609,2015-09-06,0.0
610,2015-09-13,132.96815837952306
611,2015-09-20,47.86300091481003
612,2015-09-27,137.00634478125642
613,2015-10-04,0.0
614,2015-10-11,0.0
615,2015-10-18,0.0
616,2015-10-25,0.0
617,2015-11-01,0.0
618,2015-11-08,72.7130784829302
619,2015-11-15,0.0
620,2015-11-22,91.99929855763921
621,2015-11-29,0.0
622,2015-12-06,0.0
623,2015-12-13,0.0
624,2015-12-20,0.0
625,2015-12-27,72.64261505532343
626,2016-01-03,0.0
627,2016-01-10,0.0
628,2016-01-17,85.30828859010978
629,2016-01-24,0.0
630,2016-01-31,48.981191840899335
631,2016-02-07,0.0
632,2016-02-14,0.0
633,2016-02-21,0.0
634,2016-02-28,36.679896783722704
635,2016-03-06,0.0
636,2016-03-13,0.0
637,2016-03-20,58.73471166035781
638,2016-03-27,0.0
639,2016-04-03,77.66772234177704
640,2016-04-10,0.0
641,2016-04-17,0.0
642,2016-04-24,66.00689470246424
643,2016-05-01,91.43942696761795
644,2016-05-08,51.05585716085918
645,2016-05-15,0.0
646,2016-05-22,0.0
647,2016-05-29,0.0
648,2016-06-05,0.0
649,2016-06-12,0.0
650,2016-06-19,0.0
651,2016-06-26,0.0
652,2016-07-03,59.75906996831199
653,2016-07-10,54.83438321407289
654,2016-07-17,0.0
655,2016-07-24,0.0
656,2016-07-31,0.0
657,2016-08-07,0.0
658,2016-08-14,94.64142803394739
659,2016-08-21,0.0
660,2016-08-28,47.65108271342859
661,2016-09-04,42.65687690327102
662,2016-09-11,0.0
663,2016-09-18,0.0
664,2016-09-25,0.0
665,2016-10-02,0.0
666,2016-10-09,0.0
667,2016-10-16,0.0
668,2016-10-23,0.0
669,2016-10-30,62.904680435639605
670,2016-11-06,0.0
671,2016-11-13,0.0
672,2016-11-20,0.0
673,2016-11-27,0.0
674,2016-12-04,0.0
675,2016-12-11,45.443129254606575
676,2016-12-18,0.0
677,2016-12-25,73.29154121894932
678,2017-01-01,46.76545121691326
679,2017-01-08,0.0
680,2017-01-15,0.0
681,2017-01-22,62.813640740574776
682,2017-01-29,86.80511190568416
683,2017-02-05,0.0
684,2017-02-12,87.11299110467282
685,2017-02-19,59.94737562727788
686,2017-02-26,37.01867817283604
687,2017-03-05,0.0
688,2017-03-12,0.0
689,2017-03-19,0.0
690,2017-03-26,68.66221739922489
691,2017-04-02,0.0
692,2017-04-09,113.09811808506807
693,2017-04-16,68.76434045392709
694,2017-04-23,0.0
695,2017-04-30,84.62729688123358
696,2017-05-07,0.0
697,2017-05-14,0.0
698,2017-05-21,0.0
699,2017-05-28,58.48952690932546
700,2017-06-04,72.09044684054754
701,2017-06-11,61.98024178456418
702,2017-06-18,0.0
703,2017-06-25,45.089437512911765
704,2017-07-02,0.0
705,2017-07-09,0.0
706,2017-07-16,0.0
707,2017-07-23,42.50260125344173
708,2017-07-30,0.0
709,2017-08-06,0.0
710,2017-08-13,61.65365399852865
711,2017-08-20,0.0
712,2017-08-27,0.0
713,2017-09-03,0.0
714,2017-09-10,0.0
715,2017-09-17,0.0
716,2017-09-24,0.0
717,2017-10-01,0.0
718,2017-10-08,0.0
719,2017-10-15,0.0
720,2017-10-22,0.0
721,2017-10-29,0.0
722,2017-11-05,0.0
723,2017-11-12,81.50481814056985
724,2017-11-19,0.0
725,2017-11-26,108.66408006078942
726,2017-12-03,0.0
727,2017-12-10,0.0
728,2017-12-17,42.43652493497138
729,2017-12-24,78.90715411803369
730,2017-12-31,86.11723866381548
731,2018-01-07,119.6958710073054
732,2018-01-14,43.54028969637269
733,2018-01-21,136.64061348461772
734,2018-01-28,217.45521977155533
735,2018-02-04,250.97594223547668
736,2018-02-11,101.32983189512842
737,2018-02-18,0.0
738,2018-02-25,68.9081557917364
739,2018-03-04,30.610998386350957
740,2018-03-11,0.0
741,2018-03-18,63.20639956728289
742,2018-03-25,0.0
743,2018-04-01,37.34990072418694
744,2018-04-08,0.0
745,2018-04-15,0.0
746,2018-04-22,0.0
747,2018-04-29,0.0
748,2018-05-06,0.0
749,2018-05-13,0.0
750,2018-05-20,0.0
751,2018-05-27,0.0
752,2018-06-03,0.0
753,2018-06-10,0.0
754,2018-06-17,61.53929213202893
755,2018-06-24,0.0
756,2018-07-01,0.0
757,2018-07-08,0.0
758,2018-07-15,0.0
759,2018-07-22,0.0
760,2018-07-29,0.0
761,2018-08-05,0.0
762,2018-08-12,70.83663720674073
763,2018-08-19,0.0
764,2018-08-26,0.0
765,2018-09-02,0.0
766,2018-09-09,0.0
767,2018-09-16,77.33785119292747
768,2018-09-23,40.84615347025289
769,2018-09-30,108.48189920009905
770,2018-10-07,0.0
771,2018-10-14,0.0
772,2018-10-21,143.94836972868725
773,2018-10-28,0.0
774,2018-11-04,0.0
775,2018-11-11,0.0
776,2018-11-18,0.0
777,2018-11-25,0.0
778,2018-12-02,0.0
779,2018-12-09,33.08500602012244
780,2018-12-16,0.0
781,2018-12-23,116.84584290130478
782,2018-12-30,96.939118703054
783,2019-01-06,58.43091581497317
784,2019-01-13,99.1971280712195
785,2019-01-20,61.945720002398
786,2019-01-27,82.0311829105374
787,2019-02-03,168.8687554362147
788,2019-02-10,77.87287249612717
789,2019-02-17,0.0
790,2019-02-24,117.0921153826774
791,2019-03-03,117.23588931837477
792,2019-03-10,0.0
793,2019-03-17,0.0
794,2019-03-24,0.0
795,2019-03-31,0.0
796,2019-04-07,35.72420022483168
797,2019-04-14,0.0
798,2019-04-21,0.0
799,2019-04-28,59.12922934839674
800,2019-05-05,0.0
801,2019-05-12,0.0
802,2019-05-19,0.0
803,2019-05-26,0.0
804,2019-06-02,144.6213896950596
805,2019-06-09,58.8555168912152
806,2019-06-16,0.0
807,2019-06-23,0.0
808,2019-06-30,0.0
809,2019-07-07,0.0
810,2019-07-14,56.91263374580015
811,2019-07-21,0.0
812,2019-07-28,0.0
813,2019-08-04,39.561433333257696
814,2019-08-11,0.0
815,2019-08-18,0.0
816,2019-08-25,0.0
817,2019-09-01,0.0
818,2019-09-08,65.30971996478925
819,2019-09-15,0.0
820,2019-09-22,0.0
821,2019-09-29,0.0
822,2019-10-06,134.58485238760915
823,2019-10-13,64.63706421621244
824,2019-10-20,0.0
825,2019-10-27,0.0
826,2019-11-03,0.0
827,2019-11-10,34.70153290777265
828,2019-11-17,0.0
829,2019-11-24,34.7238368556344
830,2019-12-01,0.0
831,2019-12-08,41.12860525781905
832,2019-12-15,52.63590639442097
833,2019-12-22,65.06888876369672
834,2019-12-29,104.02418901057997
835,2020-01-05,57.8867446270652
836,2020-01-12,90.60791535307935
837,2020-01-19,91.93503060357801
838,2020-01-26,145.55061849106986
839,2020-02-02,166.94151567541206
840,2020-02-09,113.84497638378376
841,2020-02-16,153.59875921850008
842,2020-02-23,31.42812181985768
843,2020-03-01,41.59647251233761
844,2020-03-08,95.38420077269276
845,2020-03-15,112.95454123399568
846,2020-03-22,68.91324489668644
847,2020-03-29,25.881449130408004
848,2020-04-05,45.9648564715461
849,2020-04-12,0.0
850,2020-04-19,42.48227871144261
851,2020-04-26,0.0
852,2020-05-03,0.0
853,2020-05-10,0.0
854,2020-05-17,0.0
855,2020-05-24,0.0
856,2020-05-31,0.0
857,2020-06-07,32.07733023116784
858,2020-06-14,0.0
859,2020-06-21,0.0
860,2020-06-28,45.60785992476587
861,2020-07-05,0.0
862,2020-07-12,0.0
863,2020-07-19,46.150069449453746
864,2020-07-26,0.0
865,2020-08-02,0.0
866,2020-08-09,0.0
867,2020-08-16,0.0
868,2020-08-23,0.0
869,2020-08-30,107.93943826639503
870,2020-09-06,37.91088226248101
871,2020-09-13,0.0
872,2020-09-20,28.25862568790527
873,2020-09-27,0.0
874,2020-10-04,0.0
875,2020-10-11,0.0
876,2020-10-18,0.0
877,2020-10-25,0.0
878,2020-11-01,33.45363241670091
879,2020-11-08,40.36612088405608
880,2020-11-15,0.0
881,2020-11-22,0.0
882,2020-11-29,0.0
883,2020-12-06,0.0
884,2020-12-13,0.0
885,2020-12-20,0.0
886,2020-12-27,0.0
887,2021-01-03,119.76295624281599
888,2021-01-10,0.0
889,2021-01-17,0.0
890,2021-01-24,0.0
891,2021-01-31,93.64049841830838
892,2021-02-07,0.0
893,2021-02-14,0.0
894,2021-02-21,0.0
895,2021-02-28,0.0
896,2021-03-07,0.0
897,2021-03-14,34.14672972575996
898,2021-03-21,0.0
899,2021-03-28,54.15049102917744
900,2021-04-04,0.0
901,2021-04-11,0.0
902,2021-04-18,0.0
903,2021-04-25,0.0
904,2021-05-02,0.0
905,2021-05-09,0.0
906,2021-05-16,41.31735706694785
907,2021-05-23,42.470652486575254
908,2021-05-30,0.0
909,2021-06-06,0.0
910,2021-06-13,0.0
911,2021-06-20,0.0
912,2021-06-27,0.0
913,2021-07-04,44.905558457740625
914,2021-07-11,0.0
915,2021-07-18,0.0
916,2021-07-25,0.0
917,2021-08-01,47.891916760697015
918,2021-08-08,0.0
919,2021-08-15,0.0
920,2021-08-22,0.0
921,2021-08-29,0.0
922,2021-09-05,0.0
923,2021-09-12,0.0
924,2021-09-19,0.0
925,2021-09-26,61.01563234784486
926,2021-10-03,0.0
927,2021-10-10,0.0
928,2021-10-17,0.0
929,2021-10-24,0.0
930,2021-10-31,0.0
931,2021-11-07,0.0
932,2021-11-14,0.0
933,2021-11-21,176.09499331927177
934,2021-11-28,102.4628935746092
935,2021-12-05,0.0
936,2021-12-12,0.0
937,2021-12-19,70.93627056367323
938,2021-12-26,0.0
939,2022-01-02,0.0
940,2022-01-09,0.0
941,2022-01-16,0.0
942,2022-01-23,0.0
943,2022-01-30,0.0
944,2022-02-06,0.0
945,2022-02-13,0.0
946,2022-02-20,75.9164158758161
947,2022-02-27,0.0
948,2022-03-06,0.0
949,2022-03-13,0.0
950,2022-03-20,0.0
951,2022-03-27,25.411281719845977
952,2022-04-03,27.788994221752
953,2022-04-10,51.41505513310377
954,2022-04-17,52.708745741261765
955,2022-04-24,53.43809441035286
956,2022-05-01,0.0
957,2022-05-08,0.0
958,2022-05-15,0.0
959,2022-05-22,53.53799416503725
960,2022-05-29,77.26862559041506
961,2022-06-05,0.0
962,2022-06-12,0.0
963,2022-06-19,0.0
964,2022-06-26,0.0
965,2022-07-03,0.0
966,2022-07-10,0.0
967,2022-07-17,0.0
968,2022-07-24,0.0
969,2022-07-31,0.0
970,2022-08-07,0.0
971,2022-08-14,128.15403907269717
972,2022-08-21,33.47874714797123
973,2022-08-28,0.0
974,2022-09-04,0.0
975,2022-09-11,27.859033755151366
976,2022-09-18,0.0
977,2022-09-25,0.0
978,2022-10-02,42.69192939658007
979,2022-10-09,0.0
980,2022-10-16,0.0
981,2022-10-23,0.0
982,2022-10-30,35.21950005215682
983,2022-11-06,69.79135198694763
984,2022-11-13,68.33370623348713
985,2022-11-20,84.7321449893078
986,2022-11-27,104.71455253646356
987,2022-12-04,85.02277577349231
988,2022-12-11,40.272004184503416
989,2022-12-18,39.30612735765366
990,2022-12-25,105.82149877338111
991,2023-01-01,0.0
992,2023-01-08,26.940467727103282
993,2023-01-15,0.0
994,2023-01-22,0.0
995,2023-01-29,0.0
