,date,/m/0cjf0
0,2004-01-04,0.0
1,2004-01-11,1532.4824677323363
2,2004-01-18,0.0
3,2004-01-25,1068.4272962836412
4,2004-02-01,0.0
5,2004-02-08,0.0
6,2004-02-15,0.0
7,2004-02-22,0.0
8,2004-02-29,1290.9307500278348
9,2004-03-07,0.0
10,2004-03-14,1519.6110622466165
11,2004-03-21,0.0
12,2004-03-28,1854.032725409937
13,2004-04-04,0.0
14,2004-04-11,0.0
15,2004-04-18,0.0
16,2004-04-25,0.0
17,2004-05-02,882.6745032867125
18,2004-05-09,2090.3951048401827
19,2004-05-16,0.0
20,2004-05-23,2168.594334320876
21,2004-05-30,980.6931281593643
22,2004-06-06,0.0
23,2004-06-13,848.2351212129965
24,2004-06-20,0.0
25,2004-06-27,800.3572889616902
26,2004-07-04,1840.9044494304496
27,2004-07-11,1871.958576009489
28,2004-07-18,0.0
29,2004-07-25,1395.4229028152604
30,2004-08-01,1948.470858572742
31,2004-08-08,2151.4833267558747
32,2004-08-15,0.0
33,2004-08-22,0.0
34,2004-08-29,1068.3251780726134
35,2004-09-05,0.0
36,2004-09-12,1732.5883705396961
37,2004-09-19,0.0
38,2004-09-26,0.0
39,2004-10-03,3333.7938277306653
40,2004-10-10,0.0
41,2004-10-17,0.0
42,2004-10-24,937.0380239630676
43,2004-10-31,797.6882368217208
44,2004-11-07,0.0
45,2004-11-14,0.0
46,2004-11-21,962.8636558522508
47,2004-11-28,1744.8040584932837
48,2004-12-05,1013.442253919831
49,2004-12-12,822.3785055736655
50,2004-12-19,984.3546693430163
51,2004-12-26,0.0
52,2005-01-02,1573.220096494272
53,2005-01-09,581.0758263837845
54,2005-01-16,1056.085780309436
55,2005-01-23,1478.6715640434707
56,2005-01-30,2716.3323784518784
57,2005-02-06,1664.857727813571
58,2005-02-13,1206.4918985902175
59,2005-02-20,2036.449230543468
60,2005-02-27,1669.2061858100376
61,2005-03-06,859.2394829970524
62,2005-03-13,1812.4950120759877
63,2005-03-20,0.0
64,2005-03-27,946.8802200423398
65,2005-04-03,1840.0526484266834
66,2005-04-10,993.4682589291468
67,2005-04-17,1087.9125993690661
68,2005-04-24,683.3160216485533
69,2005-05-01,0.0
70,2005-05-08,0.0
71,2005-05-15,1828.1636599907574
72,2005-05-22,0.0
73,2005-05-29,3143.366709771959
74,2005-06-05,1019.2270938733988
75,2005-06-12,1412.0817114656286
76,2005-06-19,2499.079622307366
77,2005-06-26,664.1768260354556
78,2005-07-03,1095.8966684278842
79,2005-07-10,948.9831759383472
80,2005-07-17,919.1897620641528
81,2005-07-24,837.7926052802844
82,2005-07-31,981.4169925212045
83,2005-08-07,1622.0129871071144
84,2005-08-14,844.1693975800348
85,2005-08-21,1169.0613663834856
86,2005-08-28,1060.8966009692163
87,2005-09-04,0.0
88,2005-09-11,1200.2864096672663
89,2005-09-18,1204.919526380316
90,2005-09-25,593.3419025939191
91,2005-10-02,1849.489687519402
92,2005-10-09,769.1288739083544
93,2005-10-16,927.7607909399874
94,2005-10-23,1308.4837817715902
95,2005-10-30,1299.9490314881778
96,2005-11-06,0.0
97,2005-11-13,1417.9973885260608
98,2005-11-20,0.0
99,2005-11-27,785.3585034922069
100,2005-12-04,581.8150033350009
101,2005-12-11,1249.7664994144154
102,2005-12-18,0.0
103,2005-12-25,1097.8152413942255
104,2006-01-01,1687.6610736462835
105,2006-01-08,584.3985475391066
106,2006-01-15,828.8540916526912
107,2006-01-22,762.1482260292468
108,2006-01-29,1355.6140174849768
109,2006-02-05,935.6516538580803
110,2006-02-12,362.62679987989077
111,2006-02-19,1449.8564479490587
112,2006-02-26,1882.6531548116504
113,2006-03-05,1721.396010616963
114,2006-03-12,2079.1885836541232
115,2006-03-19,1461.7739690687256
116,2006-03-26,1622.3185828162852
117,2006-04-02,1611.2775745578967
118,2006-04-09,783.1367597065328
119,2006-04-16,1104.7595446251307
120,2006-04-23,1719.4506742439737
121,2006-04-30,1462.701661678314
122,2006-05-07,1171.6973928730247
123,2006-05-14,1498.9133345385387
124,2006-05-21,601.3420430627925
125,2006-05-28,1053.5586376430285
126,2006-06-04,768.7136120532529
127,2006-06-11,772.8463217623558
128,2006-06-18,527.3354794590456
129,2006-06-25,1669.0696688495882
130,2006-07-02,1465.7221868405961
131,2006-07-09,975.6716867591742
132,2006-07-16,1679.0034243066439
133,2006-07-23,1050.4332992327586
134,2006-07-30,1290.1562164502254
135,2006-08-06,781.7655185424092
136,2006-08-13,1442.5730019539546
137,2006-08-20,0.0
138,2006-08-27,706.8910271181702
139,2006-09-03,0.0
140,2006-09-10,1630.3965470319881
141,2006-09-17,994.9182498731714
142,2006-09-24,1608.915131024559
143,2006-10-01,972.9908699565774
144,2006-10-08,1226.6518568854497
145,2006-10-15,711.7337578636364
146,2006-10-22,1559.1117777965187
147,2006-10-29,1443.1470099377595
148,2006-11-05,878.7612285773472
149,2006-11-12,964.009539035592
150,2006-11-19,577.9618663959724
151,2006-11-26,1839.6027482109093
152,2006-12-03,1191.5984641127768
153,2006-12-10,1733.2172149302808
154,2006-12-17,379.5446819385388
155,2006-12-24,1365.3135925580236
156,2006-12-31,1067.9320315946852
157,2007-01-07,731.9025414277834
158,2007-01-14,1056.3680264604548
159,2007-01-21,1607.768899890389
160,2007-01-28,1925.6103197014424
161,2007-02-04,1200.1781276572738
162,2007-02-11,1495.8057965029243
163,2007-02-18,1060.3387417054323
164,2007-02-25,1857.663813847889
165,2007-03-04,1041.6495782067116
166,2007-03-11,939.674242829263
167,2007-03-18,975.0989657221852
168,2007-03-25,2192.9786169292556
169,2007-04-01,1320.6218147187462
170,2007-04-08,653.9943359715814
171,2007-04-15,1264.162912673061
172,2007-04-22,1330.0907451018081
173,2007-04-29,1179.1597170524462
174,2007-05-06,889.0358603419636
175,2007-05-13,1284.3835307648053
176,2007-05-20,1385.3682091574792
177,2007-05-27,1337.7107986249812
178,2007-06-03,1124.5158286368855
179,2007-06-10,1174.1235932854545
180,2007-06-17,433.88781358130467
181,2007-06-24,1391.5592926436088
182,2007-07-01,1655.5623688686026
183,2007-07-08,1514.049372434235
184,2007-07-15,932.6046245684848
185,2007-07-22,539.896286703412
186,2007-07-29,961.3994556098403
187,2007-08-05,1092.9109524126047
188,2007-08-12,1483.4337109835064
189,2007-08-19,1484.6851348802722
190,2007-08-26,919.3121715871467
191,2007-09-02,211.86232273172908
192,2007-09-09,799.0617871601569
193,2007-09-16,1172.1673848321932
194,2007-09-23,900.9984930261064
195,2007-09-30,1073.2380293424003
196,2007-10-07,787.5343089946282
197,2007-10-14,1138.7922546242316
198,2007-10-21,1352.921662138718
199,2007-10-28,883.6981087867047
200,2007-11-04,1592.60660452233
201,2007-11-11,1190.9316211231098
202,2007-11-18,1255.6159904607446
203,2007-11-25,589.095540628139
204,2007-12-02,1508.7270532472419
205,2007-12-09,929.5988943084214
206,2007-12-16,1501.345491017795
207,2007-12-23,1209.719613639727
208,2007-12-30,1652.855883034582
209,2008-01-06,1269.6431158955638
210,2008-01-13,761.1260683182117
211,2008-01-20,1690.7826071814206
212,2008-01-27,1859.81797733183
213,2008-02-03,1322.0966878149632
214,2008-02-10,1892.0125045620505
215,2008-02-17,2128.4527632277213
216,2008-02-24,1618.2339728595819
217,2008-03-02,1507.0238111790102
218,2008-03-09,1393.9279270576628
219,2008-03-16,1505.713556146607
220,2008-03-23,1763.8736170828986
221,2008-03-30,1375.5025553224525
222,2008-04-06,1420.64198507733
223,2008-04-13,1095.3560168433894
224,2008-04-20,1827.4532926796662
225,2008-04-27,1270.4374937106409
226,2008-05-04,1800.2664036498097
227,2008-05-11,1386.3646430912222
228,2008-05-18,2016.4804858254754
229,2008-05-25,954.009769330294
230,2008-06-01,1552.3830332281577
231,2008-06-08,1116.6594818584056
232,2008-06-15,1242.9224213871933
233,2008-06-22,996.9214822827322
234,2008-06-29,1081.6326094110989
235,2008-07-06,952.9674554130701
236,2008-07-13,1372.0520496511565
237,2008-07-20,1276.7928248940937
238,2008-07-27,1546.9091177411917
239,2008-08-03,1144.73650708752
240,2008-08-10,1206.028194291956
241,2008-08-17,975.9872596072017
242,2008-08-24,1208.847086007032
243,2008-08-31,882.3508135721496
244,2008-09-07,409.84663253036985
245,2008-09-14,1348.5426258145158
246,2008-09-21,1580.3014437912893
247,2008-09-28,1010.0574867912309
248,2008-10-05,1102.8235693708482
249,2008-10-12,1385.083098607282
250,2008-10-19,915.3220351246509
251,2008-10-26,1112.1718221100662
252,2008-11-02,867.4129022296719
253,2008-11-09,1176.1713941212627
254,2008-11-16,978.1919964347283
255,2008-11-23,721.3013316440708
256,2008-11-30,884.8584874715748
257,2008-12-07,1707.623513460123
258,2008-12-14,742.1713776106503
259,2008-12-21,1166.9726058616013
260,2008-12-28,1203.3659263607105
261,2009-01-04,1387.55482396162
262,2009-01-11,1145.3765203286116
263,2009-01-18,412.47651814865674
264,2009-01-25,1793.6230911612217
265,2009-02-01,1973.642818898671
266,2009-02-08,1897.7311047983728
267,2009-02-15,1519.4270598957871
268,2009-02-22,1730.257262842277
269,2009-03-01,1525.5897527550555
270,2009-03-08,1290.6876330515915
271,2009-03-15,1385.7888744219704
272,2009-03-22,1713.7162542662052
273,2009-03-29,1449.2537607195816
274,2009-04-05,1702.6531642143352
275,2009-04-12,1248.7859696926425
276,2009-04-19,1074.9771319364002
277,2009-04-26,1547.4668979869043
278,2009-05-03,1454.9449216655676
279,2009-05-10,1059.0314141792173
280,2009-05-17,1948.8439630218134
281,2009-05-24,1209.1245674224022
282,2009-05-31,1506.3557978532572
283,2009-06-07,2080.74774470154
284,2009-06-14,1885.1877440049886
285,2009-06-21,1744.2452316311276
286,2009-06-28,901.226200291903
287,2009-07-05,1480.9220852901012
288,2009-07-12,759.1728828287763
289,2009-07-19,934.0606195816426
290,2009-07-26,1232.1089700429072
291,2009-08-02,1775.6776857273198
292,2009-08-09,1581.4657258940945
293,2009-08-16,1679.053618800897
294,2009-08-23,1288.4875107427056
295,2009-08-30,1422.442908779953
296,2009-09-06,1456.7679125067534
297,2009-09-13,1564.3174356779637
298,2009-09-20,1866.8707107923808
299,2009-09-27,1814.0544342541887
300,2009-10-04,1959.1107441166102
301,2009-10-11,1717.4632609993407
302,2009-10-18,1673.6496160699505
303,2009-10-25,2652.9060127586417
304,2009-11-01,2020.5192174364606
305,2009-11-08,1941.3735123482577
306,2009-11-15,1894.756221081893
307,2009-11-22,1390.464748737942
308,2009-11-29,1459.830123447847
309,2009-12-06,1360.3831911071384
310,2009-12-13,978.7011198994232
311,2009-12-20,1313.162132625721
312,2009-12-27,1198.7765337164187
313,2010-01-03,1548.172335125078
314,2010-01-10,1236.127319555347
315,2010-01-17,1399.5363432114377
316,2010-01-24,1437.1887576643185
317,2010-01-31,1529.9854051854597
318,2010-02-07,1257.6241874802322
319,2010-02-14,1525.3073898798439
320,2010-02-21,1496.1087234245279
321,2010-02-28,1024.853619366978
322,2010-03-07,1295.3888524361653
323,2010-03-14,1426.5832867103559
324,2010-03-21,1301.5122376181812
325,2010-03-28,1662.5941439044977
326,2010-04-04,1656.0123938725806
327,2010-04-11,1260.182599171031
328,2010-04-18,1362.312605975554
329,2010-04-25,1308.7284616562845
330,2010-05-02,747.8041136542327
331,2010-05-09,1699.013081464353
332,2010-05-16,1161.0128777711843
333,2010-05-23,1485.8500382721845
334,2010-05-30,1477.333931716373
335,2010-06-06,1800.372436440504
336,2010-06-13,1411.6064317760672
337,2010-06-20,1204.6505913841345
338,2010-06-27,1379.4148231983588
339,2010-07-04,1536.0615492308666
340,2010-07-11,2086.2998390745724
341,2010-07-18,1833.1754507165344
342,2010-07-25,1537.6831375125041
343,2010-08-01,1938.3028134063563
344,2010-08-08,1284.450837293189
345,2010-08-15,888.9424578744952
346,2010-08-22,1271.0830205404297
347,2010-08-29,1334.525828824588
348,2010-09-05,1574.9160818360765
349,2010-09-12,1528.8960116724402
350,2010-09-19,1201.4868291324121
351,2010-09-26,1429.8362944727364
352,2010-10-03,1530.1323319295186
353,2010-10-10,585.2483836866837
354,2010-10-17,1681.818996060768
355,2010-10-24,1405.0494540090156
356,2010-10-31,2694.253251497014
357,2010-11-07,1340.4992256418093
358,2010-11-14,1164.307134067066
359,2010-11-21,1061.6073071848166
360,2010-11-28,1638.476932659877
361,2010-12-05,1261.109367141537
362,2010-12-12,1251.8972780534125
363,2010-12-19,1956.7150852861328
364,2010-12-26,1688.7754228566994
365,2011-01-02,1833.0267788755798
366,2011-01-09,1865.2761031768853
367,2011-01-16,2180.925921734159
368,2011-01-23,1681.2369306111016
369,2011-01-30,2213.663503029702
370,2011-02-06,2431.6461778556877
371,2011-02-13,2387.8423161650935
372,2011-02-20,2204.7013984308032
373,2011-02-27,2683.664375112185
374,2011-03-06,1819.7317558793343
375,2011-03-13,2086.160003578334
376,2011-03-20,2185.8033846959324
377,2011-03-27,1774.229024884469
378,2011-04-03,1620.252912760483
379,2011-04-10,1637.423321632449
380,2011-04-17,1579.2286304026954
381,2011-04-24,1639.1962938833256
382,2011-05-01,1261.6901444820337
383,2011-05-08,1672.0291298525221
384,2011-05-15,1599.3270536993598
385,2011-05-22,2012.2338638031101
386,2011-05-29,1568.4161344938304
387,2011-06-05,1884.5508840503
388,2011-06-12,1509.7458430342256
389,2011-06-19,1649.5896849575038
390,2011-06-26,1582.8045246251227
391,2011-07-03,1631.7575238284694
392,2011-07-10,1693.058368779988
393,2011-07-17,1412.7668182405455
394,2011-07-24,1177.6378517946862
395,2011-07-31,1238.4865798715464
396,2011-08-07,1517.4750977031217
397,2011-08-14,1534.0217422742965
398,2011-08-21,1545.121180583747
399,2011-08-28,1218.870241585448
400,2011-09-04,969.0452925014829
401,2011-09-11,1403.6576735365386
402,2011-09-18,1439.2689403181207
403,2011-09-25,1464.1454202926868
404,2011-10-02,1384.0969554017538
405,2011-10-09,1237.1121286592693
406,2011-10-16,1460.2685762372066
407,2011-10-23,1573.2789412915035
408,2011-10-30,1683.442076474007
409,2011-11-06,1251.2086964879877
410,2011-11-13,1608.8152919743184
411,2011-11-20,1093.1060378359082
412,2011-11-27,1488.1710670154396
413,2011-12-04,1780.813102440391
414,2011-12-11,1110.6036064320326
415,2011-12-18,1278.4094881496148
416,2011-12-25,1333.8448971728285
417,2012-01-01,1824.190075857461
418,2012-01-08,1672.1518340722077
419,2012-01-15,2189.2203948549336
420,2012-01-22,2046.1774701288186
421,2012-01-29,1590.9486482714508
422,2012-02-05,1896.2894645121014
423,2012-02-12,1808.9081963451392
424,2012-02-19,1612.2537369824022
425,2012-02-26,1817.131523934897
426,2012-03-04,1623.737129100051
427,2012-03-11,1915.9604099691765
428,2012-03-18,1665.0218758341123
429,2012-03-25,1696.096595654892
430,2012-04-01,1598.6573631629974
431,2012-04-08,1934.1001197041585
432,2012-04-15,2009.698469883341
433,2012-04-22,1507.146251026045
434,2012-04-29,1521.9613363847272
435,2012-05-06,1477.8939071880595
436,2012-05-13,1759.9875899193214
437,2012-05-20,1769.4206045184483
438,2012-05-27,1901.6174728835588
439,2012-06-03,1572.8322805846312
440,2012-06-10,1925.2170224498761
441,2012-06-17,1868.9024229722577
442,2012-06-24,1808.3847680437152
443,2012-07-01,1654.584801258084
444,2012-07-08,1963.4109220091127
445,2012-07-15,1807.0608702242932
446,2012-07-22,1467.0083479620548
447,2012-07-29,1616.1736102827085
448,2012-08-05,1496.2948748993676
449,2012-08-12,1747.4355025191994
450,2012-08-19,1465.0836722732904
451,2012-08-26,1915.991524945933
452,2012-09-02,1384.5515489269012
453,2012-09-09,1638.6798236306356
454,2012-09-16,1887.768588001334
455,2012-09-23,1796.7671547817986
456,2012-09-30,1731.091752816307
457,2012-10-07,1404.1221578084899
458,2012-10-14,1337.9069676841361
459,2012-10-21,1711.5873879605313
460,2012-10-28,1786.6503550501468
461,2012-11-04,1658.547061848955
462,2012-11-11,1575.4984964807795
463,2012-11-18,1345.7182172277378
464,2012-11-25,1696.655551101447
465,2012-12-02,1970.032909543783
466,2012-12-09,2178.396923494515
467,2012-12-16,1858.265686263925
468,2012-12-23,3347.353198000399
469,2012-12-30,2888.365292429551
470,2013-01-06,3265.685777917789
471,2013-01-13,3156.2832987028987
472,2013-01-20,2427.7248156589194
473,2013-01-27,2346.0458601138607
474,2013-02-03,2297.4814520299847
475,2013-02-10,2432.6146837652786
476,2013-02-17,2344.7338269599254
477,2013-02-24,1824.7520964210955
478,2013-03-03,2097.602480857397
479,2013-03-10,2011.3250100030477
480,2013-03-17,2601.4417556193685
481,2013-03-24,2554.5208049251405
482,2013-03-31,1798.0815947591186
483,2013-04-07,2378.1786296405085
484,2013-04-14,1528.9600889013632
485,2013-04-21,1806.926356474917
486,2013-04-28,1891.1808785464864
487,2013-05-05,1531.4026531497639
488,2013-05-12,1684.3664470977574
489,2013-05-19,1757.281046371677
490,2013-05-26,1901.5494047247691
491,2013-06-02,1952.8383195245362
492,2013-06-09,2060.2662177484326
493,2013-06-16,1882.094445380257
494,2013-06-23,1928.702631851796
495,2013-06-30,1864.2213291999833
496,2013-07-07,1575.0795192433748
497,2013-07-14,1560.0681795012968
498,2013-07-21,1757.7636416900907
499,2013-07-28,1990.7100655932218
500,2013-08-04,1534.983960421936
501,2013-08-11,1603.5871417376159
502,2013-08-18,1810.3382989153722
503,2013-08-25,1501.6809281025417
504,2013-09-01,1510.3627032590823
505,2013-09-08,1568.170704791704
506,2013-09-15,1885.3286709605577
507,2013-09-22,1648.8818843899708
508,2013-09-29,1689.9108073273987
509,2013-10-06,1498.774889008856
510,2013-10-13,1636.6310632070006
511,2013-10-20,1502.7794048626045
512,2013-10-27,1442.2489791722949
513,2013-11-03,1642.1893695286708
514,2013-11-10,1476.7014746397099
515,2013-11-17,1887.384361191886
516,2013-11-24,1717.817781432061
517,2013-12-01,1810.4008016740606
518,2013-12-08,1764.2049129129095
519,2013-12-15,1544.2673472886213
520,2013-12-22,2001.064104400813
521,2013-12-29,2392.137137524734
522,2014-01-05,1990.7970369615302
523,2014-01-12,2276.361007107507
524,2014-01-19,2124.558757518618
525,2014-01-26,1781.372893600267
526,2014-02-02,1828.9014647440197
527,2014-02-09,2002.9442547702658
528,2014-02-16,1971.0192453580005
529,2014-02-23,1903.522018135893
530,2014-03-02,1804.5767239203703
531,2014-03-09,2137.2334118128338
532,2014-03-16,2287.9666977345637
533,2014-03-23,2355.113432735451
534,2014-03-30,2403.478880302466
535,2014-04-06,2463.1487857060038
536,2014-04-13,2159.8233922132704
537,2014-04-20,2234.0262976538015
538,2014-04-27,1706.2936023403663
539,2014-05-04,1965.4868709130058
540,2014-05-11,1676.0633616996338
541,2014-05-18,1826.1453369571457
542,2014-05-25,1600.63422214053
543,2014-06-01,1831.0541530726855
544,2014-06-08,1911.186705090205
545,2014-06-15,1737.8115756650332
546,2014-06-22,1787.763329273533
547,2014-06-29,1758.3464060483175
548,2014-07-06,1513.2622656490173
549,2014-07-13,1837.4878347511142
550,2014-07-20,1841.737165278174
551,2014-07-27,1886.8062568560078
552,2014-08-03,2095.3614165898985
553,2014-08-10,1788.6991772346764
554,2014-08-17,2055.1053910620008
555,2014-08-24,1681.26853224752
556,2014-08-31,1676.0457720394188
557,2014-09-07,1882.8910038972815
558,2014-09-14,2038.710019642614
559,2014-09-21,2246.507678024432
560,2014-09-28,1710.8899438323344
561,2014-10-05,1709.039284169643
562,2014-10-12,2296.4558417820845
563,2014-10-19,1690.8002136739428
564,2014-10-26,1958.44399585024
565,2014-11-02,2002.2148366653967
566,2014-11-09,1496.6892191665474
567,2014-11-16,2263.378543554878
568,2014-11-23,1441.2291692422914
569,2014-11-30,1993.3653436361494
570,2014-12-07,1719.4879978451208
571,2014-12-14,2016.7074489789538
572,2014-12-21,2633.7049188313977
573,2014-12-28,2881.198804549283
574,2015-01-04,2185.8017240174345
575,2015-01-11,2733.6625278274046
576,2015-01-18,2408.384598132319
577,2015-01-25,2258.5916832695957
578,2015-02-01,2492.549963312269
579,2015-02-08,2436.934986755529
580,2015-02-15,2095.9781788819746
581,2015-02-22,1946.1885308847545
582,2015-03-01,1824.1697695979828
583,2015-03-08,2242.257088283093
584,2015-03-15,2042.8275825788987
585,2015-03-22,1925.9580322924917
586,2015-03-29,1784.4712607237964
587,2015-04-05,2201.4885409003973
588,2015-04-12,2163.4613059000403
589,2015-04-19,1638.4371168023004
590,2015-04-26,1678.273239752413
591,2015-05-03,1966.5484481625826
592,2015-05-10,1548.8526208779103
593,2015-05-17,1546.9415334853798
594,2015-05-24,2004.7830786239742
595,2015-05-31,1772.9482149559597
596,2015-06-07,1793.7249529336227
597,2015-06-14,2205.8290451245666
598,2015-06-21,2515.2868356712547
599,2015-06-28,2080.9108201895983
600,2015-07-05,2051.4057475044788
601,2015-07-12,2287.7151325491436
602,2015-07-19,1631.6632035160417
603,2015-07-26,1722.503703501184
604,2015-08-02,2089.296874850384
605,2015-08-09,2058.278968562376
606,2015-08-16,1884.0893109537408
607,2015-08-23,1726.0661757665223
608,2015-08-30,1816.0279396742442
609,2015-09-06,1866.002427784052
610,2015-09-13,1904.6150512795223
611,2015-09-20,2112.052537779126
612,2015-09-27,1782.0822449483794
613,2015-10-04,1912.1193438228554
614,2015-10-11,1473.1809694228887
615,2015-10-18,1740.6784522704402
616,2015-10-25,1603.5534628339037
617,2015-11-01,1780.5396889480348
618,2015-11-08,2044.0362905220093
619,2015-11-15,1779.6484638760396
620,2015-11-22,2056.582981397107
621,2015-11-29,2101.2088962255807
622,2015-12-06,1915.379097147114
623,2015-12-13,1814.841979055173
624,2015-12-20,2093.6022462313113
625,2015-12-27,2162.579190345067
626,2016-01-03,2387.0326976290194
627,2016-01-10,2366.9648429522354
628,2016-01-17,2081.083517787965
629,2016-01-24,2357.390601979963
630,2016-01-31,2511.68249766548
631,2016-02-07,2465.7668006699796
632,2016-02-14,2455.742684801118
633,2016-02-21,3096.1784789438534
634,2016-02-28,2997.8033248827855
635,2016-03-06,3676.3437188153684
636,2016-03-13,2888.735323284574
637,2016-03-20,2706.2243032195097
638,2016-03-27,2354.3903429353354
639,2016-04-03,2124.255345295675
640,2016-04-10,2641.47517402252
641,2016-04-17,2331.7083888500047
642,2016-04-24,2112.987605033287
643,2016-05-01,1957.2293560352712
644,2016-05-08,2506.617731511791
645,2016-05-15,1989.9954506797212
646,2016-05-22,2081.069228267574
647,2016-05-29,2450.9990215967637
648,2016-06-05,2187.143710699006
649,2016-06-12,2197.6874529972006
650,2016-06-19,2189.8577876617614
651,2016-06-26,2391.2333599288477
652,2016-07-03,1921.19319750306
653,2016-07-10,2256.2699171054473
654,2016-07-17,1885.3897350831187
655,2016-07-24,2041.3950816724703
656,2016-07-31,1992.6695773528988
657,2016-08-07,1788.081845975881
658,2016-08-14,2176.500942191419
659,2016-08-21,2035.8494254218858
660,2016-08-28,1911.7148842644494
661,2016-09-04,1901.502755945928
662,2016-09-11,1661.3652016618003
663,2016-09-18,1840.8175073052341
664,2016-09-25,1926.5011178157463
665,2016-10-02,2076.3329258866825
666,2016-10-09,1600.6982673949565
667,2016-10-16,1984.6276733849818
668,2016-10-23,1662.0744494329042
669,2016-10-30,1835.7702097486244
670,2016-11-06,1871.129911507796
671,2016-11-13,2088.346314872719
672,2016-11-20,1606.684196027529
673,2016-11-27,1915.6975873487388
674,2016-12-04,2311.4384488894366
675,2016-12-11,2239.3000374614617
676,2016-12-18,2374.055082023806
677,2016-12-25,3226.4807010246063
678,2017-01-01,2941.976901104307
679,2017-01-08,2663.0731848514733
680,2017-01-15,2827.5721018820404
681,2017-01-22,2806.1788610219546
682,2017-01-29,3413.4133546147877
683,2017-02-05,3511.4785168768576
684,2017-02-12,3199.4719440003314
685,2017-02-19,3069.782266482359
686,2017-02-26,2012.7187654069203
687,2017-03-05,2114.1686687774964
688,2017-03-12,2402.570646011755
689,2017-03-19,2467.735988939291
690,2017-03-26,2394.024604476888
691,2017-04-02,2588.4731042513026
692,2017-04-09,2819.0391552201345
693,2017-04-16,1774.881390698509
694,2017-04-23,1989.6942957624308
695,2017-04-30,1695.116152723857
696,2017-05-07,1875.1891331297754
697,2017-05-14,2325.6170036701133
698,2017-05-21,1987.225929270644
699,2017-05-28,2226.756557054476
700,2017-06-04,1952.0692698399232
701,2017-06-11,1929.6100654698178
702,2017-06-18,2029.8356308584794
703,2017-06-25,1976.2430573407007
704,2017-07-02,2003.7380891071161
705,2017-07-09,2071.7677545169417
706,2017-07-16,1865.2413892348288
707,2017-07-23,1939.0424592814798
708,2017-07-30,1834.7266416086898
709,2017-08-06,1994.1203703616948
710,2017-08-13,2130.7751407214437
711,2017-08-20,2008.0660319758824
712,2017-08-27,1892.262243875936
713,2017-09-03,1622.03440761971
714,2017-09-10,1661.2120451351414
715,2017-09-17,2066.028841733398
716,2017-09-24,2217.3192206262447
717,2017-10-01,1794.1187083801487
718,2017-10-08,1953.7887649100032
719,2017-10-15,1959.8801974138155
720,2017-10-22,2015.1782239970607
721,2017-10-29,2171.109701189062
722,2017-11-05,2177.296186297764
723,2017-11-12,2226.8766853841707
724,2017-11-19,2268.5399819151357
725,2017-11-26,2294.4379813320493
726,2017-12-03,2171.776223252548
727,2017-12-10,2114.5362696147977
728,2017-12-17,2606.5226455532293
729,2017-12-24,2911.824003473146
730,2017-12-31,2998.974986740397
731,2018-01-07,2762.2460877339377
732,2018-01-14,3517.527629234615
733,2018-01-21,3733.0938134105313
734,2018-01-28,3806.200883415142
735,2018-02-04,3956.384794163912
736,2018-02-11,4362.783193958724
737,2018-02-18,3657.7277317079784
738,2018-02-25,2998.7350076330217
739,2018-03-04,2698.2234939040686
740,2018-03-11,2499.4245916051086
741,2018-03-18,2269.152226013131
742,2018-03-25,2011.8688204200564
743,2018-04-01,2231.3566545269664
744,2018-04-08,2129.500273572925
745,2018-04-15,2165.900562524719
746,2018-04-22,2313.0871120184847
747,2018-04-29,2215.2962290019673
748,2018-05-06,2315.612286344109
749,2018-05-13,2131.092196732243
750,2018-05-20,2415.7898929840444
751,2018-05-27,2303.0883512328696
752,2018-06-03,2039.3800868184348
753,2018-06-10,2081.163948931534
754,2018-06-17,2136.2057430163036
755,2018-06-24,2093.104210741886
756,2018-07-01,1963.30591013041
757,2018-07-08,2356.9057039753156
758,2018-07-15,2239.4412399888347
759,2018-07-22,2270.4052673871365
760,2018-07-29,2106.01994337511
761,2018-08-05,2368.9309163212115
762,2018-08-12,2310.422355848111
763,2018-08-19,2179.7232668885536
764,2018-08-26,2218.9172111250177
765,2018-09-02,1968.5830943898745
766,2018-09-09,1947.1361083975514
767,2018-09-16,2564.6961699264975
768,2018-09-23,2275.569341569531
769,2018-09-30,2189.033916103013
770,2018-10-07,1989.0839947847282
771,2018-10-14,2273.9128172876804
772,2018-10-21,2172.851577889703
773,2018-10-28,2359.8900704197195
774,2018-11-04,2005.2315985756466
775,2018-11-11,2048.064778334367
776,2018-11-18,2061.3022267516635
777,2018-11-25,2366.911732586812
778,2018-12-02,2427.9128390093315
779,2018-12-09,2851.520107329905
780,2018-12-16,2994.021821254726
781,2018-12-23,3628.7634503106406
782,2018-12-30,3335.424379810697
783,2019-01-06,2747.256414184568
784,2019-01-13,2999.5506180435755
785,2019-01-20,3722.0776258116807
786,2019-01-27,3566.34989243683
787,2019-02-03,3580.6887992571105
788,2019-02-10,3556.6986594945106
789,2019-02-17,2862.375747157006
790,2019-02-24,2986.148050917157
791,2019-03-03,2737.657691653955
792,2019-03-10,2923.9487779915507
793,2019-03-17,2590.75223948338
794,2019-03-24,2567.4247752652923
795,2019-03-31,2582.641670065912
796,2019-04-07,2412.003190130439
797,2019-04-14,2237.5890378821287
798,2019-04-21,2139.477477283712
799,2019-04-28,2392.87597887403
800,2019-05-05,2310.1646528358065
801,2019-05-12,2229.976246733455
802,2019-05-19,2442.8755701798277
803,2019-05-26,2409.532151278499
804,2019-06-02,1946.7342384302237
805,2019-06-09,1916.6264372922546
806,2019-06-16,2215.131194784642
807,2019-06-23,1961.8769816781848
808,2019-06-30,1912.2865737899042
809,2019-07-07,2647.374960994509
810,2019-07-14,2355.8989341460765
811,2019-07-21,2193.1277382353446
812,2019-07-28,1856.0443688477076
813,2019-08-04,2122.5340283097435
814,2019-08-11,1891.2662704816296
815,2019-08-18,1782.5766813309638
816,2019-08-25,2024.0087749684126
817,2019-09-01,1792.7912011433464
818,2019-09-08,2078.638982351195
819,2019-09-15,1933.8344853675642
820,2019-09-22,2486.815340279094
821,2019-09-29,1825.0435068208678
822,2019-10-06,1894.2025669156737
823,2019-10-13,2074.9844669976806
824,2019-10-20,2320.511752111748
825,2019-10-27,1910.735445113916
826,2019-11-03,2107.2702941613325
827,2019-11-10,2500.3178569916254
828,2019-11-17,2190.3851712848773
829,2019-11-24,2451.1568124923947
830,2019-12-01,2128.5671645393345
831,2019-12-08,2513.823656011892
832,2019-12-15,2893.1629848235743
833,2019-12-22,3727.6930691959374
834,2019-12-29,3936.5668845247355
835,2020-01-05,3412.7579169078854
836,2020-01-12,3787.6958333780008
837,2020-01-19,3720.981273807576
838,2020-01-26,4265.216920347671
839,2020-02-02,4014.21169716181
840,2020-02-09,3701.518460940353
841,2020-02-16,3111.6237287731615
842,2020-02-23,3148.5774074019846
843,2020-03-01,3875.573830461334
844,2020-03-08,7082.020183828188
845,2020-03-15,10379.657743134345
846,2020-03-22,9961.378817889767
847,2020-03-29,8430.592354276792
848,2020-04-05,6749.958491604354
849,2020-04-12,4625.690218248087
850,2020-04-19,3960.405213307133
851,2020-04-26,3225.5738152847366
852,2020-05-03,3027.1348045999002
853,2020-05-10,2806.383213036902
854,2020-05-17,2446.525954232553
855,2020-05-24,2187.8310067173106
856,2020-05-31,1935.5852765286224
857,2020-06-07,1963.7728409817798
858,2020-06-14,2283.9974178998773
859,2020-06-21,2308.502591319587
860,2020-06-28,2584.8064774581494
861,2020-07-05,2798.6289865357826
862,2020-07-12,2974.6616798858204
863,2020-07-19,2769.96033351877
864,2020-07-26,2723.6118579418153
865,2020-08-02,2435.9099726334844
866,2020-08-09,2461.130939773914
867,2020-08-16,2604.4918359375824
868,2020-08-23,2434.112348989077
869,2020-08-30,2204.7580535756565
870,2020-09-06,2591.9839413819086
871,2020-09-13,2087.334600031693
872,2020-09-20,2289.969318378637
873,2020-09-27,2470.292028253486
874,2020-10-04,2683.2120768543296
875,2020-10-11,2324.6421839014824
876,2020-10-18,2273.0480644643417
877,2020-10-25,2410.158686720346
878,2020-11-01,2413.5318712836106
879,2020-11-08,2942.6347209034984
880,2020-11-15,3180.2655996279314
881,2020-11-22,2983.288071722095
882,2020-11-29,2637.5283372202425
883,2020-12-06,2720.6829687666923
884,2020-12-13,2541.533146630919
885,2020-12-20,3001.7467232703775
886,2020-12-27,2988.3700424523386
887,2021-01-03,2905.168939673487
888,2021-01-10,2791.8902852613933
889,2021-01-17,2701.805408075331
890,2021-01-24,2853.5770021056537
891,2021-01-31,2615.694270710953
892,2021-02-07,2474.8527836956646
893,2021-02-14,2266.3975667100244
894,2021-02-21,2407.874204727349
895,2021-02-28,2571.746379015345
896,2021-03-07,2857.4218343956272
897,2021-03-14,2261.224397239695
898,2021-03-21,2772.6660237948963
899,2021-03-28,2831.048049544813
900,2021-04-04,3247.7069474362115
901,2021-04-11,2849.7871072010794
902,2021-04-18,2487.5335313997707
903,2021-04-25,3064.798371782908
904,2021-05-02,3021.4054960845865
905,2021-05-09,2606.9791630577547
906,2021-05-16,2563.093985138301
907,2021-05-23,2215.8037825120487
908,2021-05-30,2342.1468560134113
909,2021-06-06,2277.020549992217
910,2021-06-13,2514.435411812055
911,2021-06-20,2345.5390725363536
912,2021-06-27,2300.972417253091
913,2021-07-04,2433.544911784962
914,2021-07-11,2347.3293041010265
915,2021-07-18,2422.6195057527757
916,2021-07-25,2759.1731262199705
917,2021-08-01,2908.4580405623515
918,2021-08-08,2637.248543830174
919,2021-08-15,2879.9028984308425
920,2021-08-22,2688.1365178905726
921,2021-08-29,2303.1334711044256
922,2021-09-05,2417.670602795005
923,2021-09-12,2770.7761919077966
924,2021-09-19,2646.312971971849
925,2021-09-26,2425.3400750651376
926,2021-10-03,2947.1171991689057
927,2021-10-10,3098.6830870021554
928,2021-10-17,2636.9094025246445
929,2021-10-24,2679.951733770765
930,2021-10-31,2375.371016013067
931,2021-11-07,3022.744429085943
932,2021-11-14,2478.8923867116173
933,2021-11-21,2946.1932591651434
934,2021-11-28,3482.208270709231
935,2021-12-05,2939.7820517052346
936,2021-12-12,3899.761582357223
937,2021-12-19,6356.44107122433
938,2021-12-26,8731.811895055269
939,2022-01-02,6192.131297191328
940,2022-01-09,3803.658348536303
941,2022-01-16,3076.4390940431313
942,2022-01-23,2723.1818192995543
943,2022-01-30,2299.8364160093192
944,2022-02-06,2390.149337425137
945,2022-02-13,2327.107903406903
946,2022-02-20,1806.141394682142
947,2022-02-27,1863.6987655606792
948,2022-03-06,2213.65231181164
949,2022-03-13,2532.918139670907
950,2022-03-20,2608.3132612039817
951,2022-03-27,2649.986651698021
952,2022-04-03,3126.011567393957
953,2022-04-10,3488.254591450143
954,2022-04-17,3003.6049887087484
955,2022-04-24,2985.65665946167
956,2022-05-01,3364.1277112573453
957,2022-05-08,3729.5509665734153
958,2022-05-15,4142.606380805933
959,2022-05-22,3648.0531150261872
960,2022-05-29,3476.0468602701153
961,2022-06-05,3496.0144596135965
962,2022-06-12,3149.9700290115125
963,2022-06-19,3273.820315926247
964,2022-06-26,3168.3289966660427
965,2022-07-03,3629.845717387956
966,2022-07-10,3415.6494416743244
967,2022-07-17,3141.8720623889376
968,2022-07-24,3398.760349819927
969,2022-07-31,3182.224505356865
970,2022-08-07,2793.632499670095
971,2022-08-14,2913.871861088916
972,2022-08-21,2877.1942535392163
973,2022-08-28,2665.5597667271322
974,2022-09-04,2656.5071935113906
975,2022-09-11,2723.3693113723743
976,2022-09-18,3144.6959985202325
977,2022-09-25,3114.1636011804435
978,2022-10-02,2986.047587055178
979,2022-10-09,2971.2072587582684
980,2022-10-16,3097.9324334324565
981,2022-10-23,3608.7471606531285
982,2022-10-30,3969.9117442944603
983,2022-11-06,4116.44496513936
984,2022-11-13,3933.816333658016
985,2022-11-20,4688.383203299625
986,2022-11-27,5089.4385201278255
987,2022-12-04,4950.3698020125385
988,2022-12-11,4707.923551719004
989,2022-12-18,4589.017449829805
990,2022-12-25,4398.450459915739
991,2023-01-01,3726.6370811955962
992,2023-01-08,3129.8807475711255
993,2023-01-15,3328.5972286097453
994,2023-01-22,3132.962577372694
995,2023-01-29,3620.8798567857903
