,date,how to bring a fever down
0,2004-01-04,0.0
1,2004-01-11,0.0
2,2004-01-18,0.0
3,2004-01-25,3211.2964472264416
4,2004-02-01,0.0
5,2004-02-08,0.0
6,2004-02-15,1007.9434531836719
7,2004-02-22,0.0
8,2004-02-29,0.0
9,2004-03-07,0.0
10,2004-03-14,0.0
11,2004-03-21,0.0
12,2004-03-28,0.0
13,2004-04-04,0.0
14,2004-04-11,0.0
15,2004-04-18,0.0
16,2004-04-25,0.0
17,2004-05-02,608.8225476957142
18,2004-05-09,1510.6180875621735
19,2004-05-16,1290.1109809387497
20,2004-05-23,850.7324760528402
21,2004-05-30,0.0
22,2004-06-06,0.0
23,2004-06-13,0.0
24,2004-06-20,0.0
25,2004-06-27,0.0
26,2004-07-04,0.0
27,2004-07-11,0.0
28,2004-07-18,1201.2150007739028
29,2004-07-25,721.0917838799622
30,2004-08-01,0.0
31,2004-08-08,1283.6597276193634
32,2004-08-15,4741.354592945126
33,2004-08-22,1518.1199257722064
34,2004-08-29,0.0
35,2004-09-05,0.0
36,2004-09-12,1706.5097624998857
37,2004-09-19,0.0
38,2004-09-26,0.0
39,2004-10-03,0.0
40,2004-10-10,0.0
41,2004-10-17,0.0
42,2004-10-24,0.0
43,2004-10-31,0.0
44,2004-11-07,0.0
45,2004-11-14,0.0
46,2004-11-21,0.0
47,2004-11-28,0.0
48,2004-12-05,0.0
49,2004-12-12,0.0
50,2004-12-19,0.0
51,2004-12-26,0.0
52,2005-01-02,0.0
53,2005-01-09,0.0
54,2005-01-16,0.0
55,2005-01-23,0.0
56,2005-01-30,0.0
57,2005-02-06,735.1050710073653
58,2005-02-13,0.0
59,2005-02-20,0.0
60,2005-02-27,0.0
61,2005-03-06,0.0
62,2005-03-13,0.0
63,2005-03-20,0.0
64,2005-03-27,576.8482614657997
65,2005-04-03,885.0118247870788
66,2005-04-10,399.9929693513332
67,2005-04-17,974.3068064227323
68,2005-04-24,0.0
69,2005-05-01,0.0
70,2005-05-08,0.0
71,2005-05-15,0.0
72,2005-05-22,0.0
73,2005-05-29,0.0
74,2005-06-05,0.0
75,2005-06-12,0.0
76,2005-06-19,0.0
77,2005-06-26,0.0
78,2005-07-03,0.0
79,2005-07-10,645.8956086196001
80,2005-07-17,655.6170857878702
81,2005-07-24,406.120088161885
82,2005-07-31,0.0
83,2005-08-07,0.0
84,2005-08-14,0.0
85,2005-08-21,0.0
86,2005-08-28,1664.3827382711404
87,2005-09-04,387.61813259950856
88,2005-09-11,342.733271359339
89,2005-09-18,0.0
90,2005-09-25,0.0
91,2005-10-02,0.0
92,2005-10-09,0.0
93,2005-10-16,0.0
94,2005-10-23,0.0
95,2005-10-30,0.0
96,2005-11-06,0.0
97,2005-11-13,273.154113890703
98,2005-11-20,449.2234407156015
99,2005-11-27,0.0
100,2005-12-04,0.0
101,2005-12-11,0.0
102,2005-12-18,0.0
103,2005-12-25,0.0
104,2006-01-01,0.0
105,2006-01-08,0.0
106,2006-01-15,0.0
107,2006-01-22,0.0
108,2006-01-29,481.39777672843263
109,2006-02-05,0.0
110,2006-02-12,0.0
111,2006-02-19,0.0
112,2006-02-26,0.0
113,2006-03-05,0.0
114,2006-03-12,0.0
115,2006-03-19,0.0
116,2006-03-26,0.0
117,2006-04-02,237.37619615604427
118,2006-04-09,0.0
119,2006-04-16,0.0
120,2006-04-23,0.0
121,2006-04-30,477.83157117814017
122,2006-05-07,0.0
123,2006-05-14,0.0
124,2006-05-21,0.0
125,2006-05-28,0.0
126,2006-06-04,0.0
127,2006-06-11,1084.2488891759167
128,2006-06-18,0.0
129,2006-06-25,0.0
130,2006-07-02,0.0
131,2006-07-09,0.0
132,2006-07-16,0.0
133,2006-07-23,0.0
134,2006-07-30,274.85100112850785
135,2006-08-06,0.0
136,2006-08-13,0.0
137,2006-08-20,0.0
138,2006-08-27,0.0
139,2006-09-03,0.0
140,2006-09-10,0.0
141,2006-09-17,0.0
142,2006-09-24,0.0
143,2006-10-01,0.0
144,2006-10-08,0.0
145,2006-10-15,0.0
146,2006-10-22,192.10290802413388
147,2006-10-29,0.0
148,2006-11-05,0.0
149,2006-11-12,0.0
150,2006-11-19,368.1278166602704
151,2006-11-26,0.0
152,2006-12-03,0.0
153,2006-12-10,0.0
154,2006-12-17,0.0
155,2006-12-24,0.0
156,2006-12-31,240.9070866748191
157,2007-01-07,362.3775519640028
158,2007-01-14,323.8501743799749
159,2007-01-21,0.0
160,2007-01-28,0.0
161,2007-02-04,0.0
162,2007-02-11,0.0
163,2007-02-18,340.0190440459142
164,2007-02-25,0.0
165,2007-03-04,0.0
166,2007-03-11,0.0
167,2007-03-18,0.0
168,2007-03-25,0.0
169,2007-04-01,168.83999547063988
170,2007-04-08,0.0
171,2007-04-15,0.0
172,2007-04-22,0.0
173,2007-04-29,0.0
174,2007-05-06,0.0
175,2007-05-13,0.0
176,2007-05-20,0.0
177,2007-05-27,0.0
178,2007-06-03,0.0
179,2007-06-10,0.0
180,2007-06-17,298.9903896807491
181,2007-06-24,275.97593967290675
182,2007-07-01,0.0
183,2007-07-08,0.0
184,2007-07-15,0.0
185,2007-07-22,0.0
186,2007-07-29,0.0
187,2007-08-05,0.0
188,2007-08-12,0.0
189,2007-08-19,0.0
190,2007-08-26,218.2125167435686
191,2007-09-02,0.0
192,2007-09-09,350.7697464063735
193,2007-09-16,0.0
194,2007-09-23,0.0
195,2007-09-30,0.0
196,2007-10-07,0.0
197,2007-10-14,0.0
198,2007-10-21,0.0
199,2007-10-28,0.0
200,2007-11-04,0.0
201,2007-11-11,0.0
202,2007-11-18,0.0
203,2007-11-25,0.0
204,2007-12-02,0.0
205,2007-12-09,0.0
206,2007-12-16,0.0
207,2007-12-23,605.4603340081749
208,2007-12-30,328.7734731538366
209,2008-01-06,0.0
210,2008-01-13,0.0
211,2008-01-20,294.6712742673086
212,2008-01-27,0.0
213,2008-02-03,0.0
214,2008-02-10,0.0
215,2008-02-17,0.0
216,2008-02-24,0.0
217,2008-03-02,212.12142506965057
218,2008-03-09,0.0
219,2008-03-16,0.0
220,2008-03-23,0.0
221,2008-03-30,464.5688572833015
222,2008-04-06,0.0
223,2008-04-13,0.0
224,2008-04-20,124.24573583494566
225,2008-04-27,0.0
226,2008-05-04,0.0
227,2008-05-11,0.0
228,2008-05-18,0.0
229,2008-05-25,0.0
230,2008-06-01,0.0
231,2008-06-08,0.0
232,2008-06-15,447.2851139274844
233,2008-06-22,0.0
234,2008-06-29,0.0
235,2008-07-06,0.0
236,2008-07-13,0.0
237,2008-07-20,0.0
238,2008-07-27,0.0
239,2008-08-03,0.0
240,2008-08-10,0.0
241,2008-08-17,0.0
242,2008-08-24,0.0
243,2008-08-31,0.0
244,2008-09-07,0.0
245,2008-09-14,0.0
246,2008-09-21,186.2073346815579
247,2008-09-28,0.0
248,2008-10-05,0.0
249,2008-10-12,0.0
250,2008-10-19,0.0
251,2008-10-26,190.5605370586999
252,2008-11-02,0.0
253,2008-11-09,0.0
254,2008-11-16,0.0
255,2008-11-23,0.0
256,2008-11-30,0.0
257,2008-12-07,0.0
258,2008-12-14,0.0
259,2008-12-21,0.0
260,2008-12-28,0.0
261,2009-01-04,0.0
262,2009-01-11,0.0
263,2009-01-18,0.0
264,2009-01-25,0.0
265,2009-02-01,0.0
266,2009-02-08,0.0
267,2009-02-15,0.0
268,2009-02-22,0.0
269,2009-03-01,0.0
270,2009-03-08,0.0
271,2009-03-15,0.0
272,2009-03-22,0.0
273,2009-03-29,0.0
274,2009-04-05,0.0
275,2009-04-12,0.0
276,2009-04-19,116.95731951205629
277,2009-04-26,213.55191764712666
278,2009-05-03,206.3011711209339
279,2009-05-10,0.0
280,2009-05-17,0.0
281,2009-05-24,0.0
282,2009-05-31,0.0
283,2009-06-07,0.0
284,2009-06-14,0.0
285,2009-06-21,0.0
286,2009-06-28,533.7893706501285
287,2009-07-05,0.0
288,2009-07-12,0.0
289,2009-07-19,0.0
290,2009-07-26,0.0
291,2009-08-02,0.0
292,2009-08-09,0.0
293,2009-08-16,137.14274013453092
294,2009-08-23,171.05592177708388
295,2009-08-30,0.0
296,2009-09-06,122.13750867108253
297,2009-09-13,356.26000383553065
298,2009-09-20,0.0
299,2009-09-27,0.0
300,2009-10-04,0.0
301,2009-10-11,198.2172992455488
302,2009-10-18,218.46908588182657
303,2009-10-25,0.0
304,2009-11-01,0.0
305,2009-11-08,0.0
306,2009-11-15,0.0
307,2009-11-22,0.0
308,2009-11-29,0.0
309,2009-12-06,0.0
310,2009-12-13,0.0
311,2009-12-20,0.0
312,2009-12-27,0.0
313,2010-01-03,0.0
314,2010-01-10,133.39350489455396
315,2010-01-17,0.0
316,2010-01-24,0.0
317,2010-01-31,193.4251770550951
318,2010-02-07,0.0
319,2010-02-14,0.0
320,2010-02-21,148.31042653188018
321,2010-02-28,125.67700216139096
322,2010-03-07,0.0
323,2010-03-14,0.0
324,2010-03-21,0.0
325,2010-03-28,0.0
326,2010-04-04,0.0
327,2010-04-11,0.0
328,2010-04-18,0.0
329,2010-04-25,102.53321019330491
330,2010-05-02,0.0
331,2010-05-09,0.0
332,2010-05-16,0.0
333,2010-05-23,0.0
334,2010-05-30,135.76803480434495
335,2010-06-06,0.0
336,2010-06-13,0.0
337,2010-06-20,135.8751328516832
338,2010-06-27,0.0
339,2010-07-04,0.0
340,2010-07-11,0.0
341,2010-07-18,0.0
342,2010-07-25,0.0
343,2010-08-01,298.3799606884843
344,2010-08-08,0.0
345,2010-08-15,393.1970808041558
346,2010-08-22,0.0
347,2010-08-29,342.9461832485183
348,2010-09-05,0.0
349,2010-09-12,0.0
350,2010-09-19,0.0
351,2010-09-26,0.0
352,2010-10-03,0.0
353,2010-10-10,0.0
354,2010-10-17,0.0
355,2010-10-24,0.0
356,2010-10-31,0.0
357,2010-11-07,168.67477802588473
358,2010-11-14,0.0
359,2010-11-21,0.0
360,2010-11-28,0.0
361,2010-12-05,0.0
362,2010-12-12,0.0
363,2010-12-19,206.9505754032965
364,2010-12-26,0.0
365,2011-01-02,62.62442056011664
366,2011-01-09,0.0
367,2011-01-16,0.0
368,2011-01-23,0.0
369,2011-01-30,0.0
370,2011-02-06,0.0
371,2011-02-13,0.0
372,2011-02-20,0.0
373,2011-02-27,59.609758535250506
374,2011-03-06,0.0
375,2011-03-13,0.0
376,2011-03-20,0.0
377,2011-03-27,85.9220453157668
378,2011-04-03,0.0
379,2011-04-10,0.0
380,2011-04-17,0.0
381,2011-04-24,0.0
382,2011-05-01,0.0
383,2011-05-08,83.7500788772582
384,2011-05-15,0.0
385,2011-05-22,0.0
386,2011-05-29,0.0
387,2011-06-05,0.0
388,2011-06-12,0.0
389,2011-06-19,0.0
390,2011-06-26,0.0
391,2011-07-03,0.0
392,2011-07-10,0.0
393,2011-07-17,0.0
394,2011-07-24,0.0
395,2011-07-31,0.0
396,2011-08-07,0.0
397,2011-08-14,78.92279996208718
398,2011-08-21,0.0
399,2011-08-28,0.0
400,2011-09-04,102.96798691895353
401,2011-09-11,0.0
402,2011-09-18,84.99558368358466
403,2011-09-25,0.0
404,2011-10-02,0.0
405,2011-10-09,0.0
406,2011-10-16,0.0
407,2011-10-23,52.50189490958809
408,2011-10-30,156.9723014537062
409,2011-11-06,0.0
410,2011-11-13,0.0
411,2011-11-20,0.0
412,2011-11-27,0.0
413,2011-12-04,86.7288914563122
414,2011-12-11,46.44058241469611
415,2011-12-18,0.0
416,2011-12-25,0.0
417,2012-01-01,0.0
418,2012-01-08,0.0
419,2012-01-15,0.0
420,2012-01-22,0.0
421,2012-01-29,0.0
422,2012-02-05,100.76716887945352
423,2012-02-12,0.0
424,2012-02-19,54.00856151442442
425,2012-02-26,0.0
426,2012-03-04,95.95459253750184
427,2012-03-11,0.0
428,2012-03-18,75.60226995359784
429,2012-03-25,0.0
430,2012-04-01,0.0
431,2012-04-08,0.0
432,2012-04-15,0.0
433,2012-04-22,0.0
434,2012-04-29,137.65539173314127
435,2012-05-06,0.0
436,2012-05-13,85.0452346989518
437,2012-05-20,46.439897480655326
438,2012-05-27,59.60824894114787
439,2012-06-03,0.0
440,2012-06-10,0.0
441,2012-06-17,0.0
442,2012-06-24,0.0
443,2012-07-01,58.85956828197097
444,2012-07-08,0.0
445,2012-07-15,0.0
446,2012-07-22,64.06781617296558
447,2012-07-29,197.3783159168959
448,2012-08-05,56.05906000501948
449,2012-08-12,0.0
450,2012-08-19,0.0
451,2012-08-26,0.0
452,2012-09-02,150.1153032632056
453,2012-09-09,0.0
454,2012-09-16,43.99192336208749
455,2012-09-23,74.844277991495
456,2012-09-30,0.0
457,2012-10-07,0.0
458,2012-10-14,0.0
459,2012-10-21,0.0
460,2012-10-28,51.11057875756875
461,2012-11-04,0.0
462,2012-11-11,49.936845681179946
463,2012-11-18,0.0
464,2012-11-25,0.0
465,2012-12-02,0.0
466,2012-12-09,0.0
467,2012-12-16,0.0
468,2012-12-23,107.11253308077731
469,2012-12-30,0.0
470,2013-01-06,0.0
471,2013-01-13,0.0
472,2013-01-20,0.0
473,2013-01-27,0.0
474,2013-02-03,0.0
475,2013-02-10,0.0
476,2013-02-17,0.0
477,2013-02-24,0.0
478,2013-03-03,0.0
479,2013-03-10,87.41257123783365
480,2013-03-17,44.86975764777775
481,2013-03-24,0.0
482,2013-03-31,0.0
483,2013-04-07,0.0
484,2013-04-14,0.0
485,2013-04-21,0.0
486,2013-04-28,0.0
487,2013-05-05,0.0
488,2013-05-12,0.0
489,2013-05-19,0.0
490,2013-05-26,0.0
491,2013-06-02,0.0
492,2013-06-09,0.0
493,2013-06-16,0.0
494,2013-06-23,118.89934424042264
495,2013-06-30,0.0
496,2013-07-07,0.0
497,2013-07-14,0.0
498,2013-07-21,0.0
499,2013-07-28,0.0
500,2013-08-04,138.3019913892739
501,2013-08-11,53.09781367441741
502,2013-08-18,0.0
503,2013-08-25,0.0
504,2013-09-01,0.0
505,2013-09-08,0.0
506,2013-09-15,0.0
507,2013-09-22,56.75647058922133
508,2013-09-29,0.0
509,2013-10-06,0.0
510,2013-10-13,41.56798440756814
511,2013-10-20,47.29025461562276
512,2013-10-27,0.0
513,2013-11-03,0.0
514,2013-11-10,41.85017050264254
515,2013-11-17,0.0
516,2013-11-24,0.0
517,2013-12-01,0.0
518,2013-12-08,0.0
519,2013-12-15,0.0
520,2013-12-22,0.0
521,2013-12-29,61.918792684064115
522,2014-01-05,0.0
523,2014-01-12,0.0
524,2014-01-19,35.922326031662074
525,2014-01-26,0.0
526,2014-02-02,0.0
527,2014-02-09,0.0
528,2014-02-16,0.0
529,2014-02-23,0.0
530,2014-03-02,0.0
531,2014-03-09,0.0
532,2014-03-16,0.0
533,2014-03-23,0.0
534,2014-03-30,49.77426696196409
535,2014-04-06,0.0
536,2014-04-13,37.67863397748324
537,2014-04-20,0.0
538,2014-04-27,0.0
539,2014-05-04,0.0
540,2014-05-11,0.0
541,2014-05-18,45.750283784088566
542,2014-05-25,0.0
543,2014-06-01,0.0
544,2014-06-08,0.0
545,2014-06-15,0.0
546,2014-06-22,0.0
547,2014-06-29,0.0
548,2014-07-06,0.0
549,2014-07-13,0.0
550,2014-07-20,0.0
551,2014-07-27,50.887517203256785
552,2014-08-03,0.0
553,2014-08-10,0.0
554,2014-08-17,0.0
555,2014-08-24,0.0
556,2014-08-31,0.0
557,2014-09-07,64.01779214651627
558,2014-09-14,67.60148745479046
559,2014-09-21,0.0
560,2014-09-28,0.0
561,2014-10-05,0.0
562,2014-10-12,0.0
563,2014-10-19,0.0
564,2014-10-26,0.0
565,2014-11-02,0.0
566,2014-11-09,0.0
567,2014-11-16,45.50885900338521
568,2014-11-23,0.0
569,2014-11-30,0.0
570,2014-12-07,0.0
571,2014-12-14,0.0
572,2014-12-21,65.30336875423549
573,2014-12-28,0.0
574,2015-01-04,46.918954025206666
575,2015-01-11,0.0
576,2015-01-18,43.91262863757494
577,2015-01-25,0.0
578,2015-02-01,0.0
579,2015-02-08,0.0
580,2015-02-15,0.0
581,2015-02-22,0.0
582,2015-03-01,0.0
583,2015-03-08,0.0
584,2015-03-15,0.0
585,2015-03-22,72.15389387296388
586,2015-03-29,0.0
587,2015-04-05,0.0
588,2015-04-12,51.93409422555015
589,2015-04-19,0.0
590,2015-04-26,0.0
591,2015-05-03,0.0
592,2015-05-10,0.0
593,2015-05-17,0.0
594,2015-05-24,0.0
595,2015-05-31,0.0
596,2015-06-07,0.0
597,2015-06-14,0.0
598,2015-06-21,0.0
599,2015-06-28,0.0
600,2015-07-05,51.594901282989504
601,2015-07-12,0.0
602,2015-07-19,0.0
603,2015-07-26,0.0
604,2015-08-02,0.0
605,2015-08-09,96.15444396774066
606,2015-08-16,0.0
607,2015-08-23,0.0
608,2015-08-30,0.0
609,2015-09-06,0.0
610,2015-09-13,0.0
611,2015-09-20,0.0
612,2015-09-27,38.77366593790848
613,2015-10-04,0.0
614,2015-10-11,86.44040664039098
615,2015-10-18,0.0
616,2015-10-25,41.208796591126834
617,2015-11-01,0.0
618,2015-11-08,67.0292498235642
619,2015-11-15,64.16218545303667
620,2015-11-22,0.0
621,2015-11-29,69.60400564225694
622,2015-12-06,0.0
623,2015-12-13,0.0
624,2015-12-20,86.98388171302491
625,2015-12-27,0.0
626,2016-01-03,32.99354854365783
627,2016-01-10,34.26750543333884
628,2016-01-17,0.0
629,2016-01-24,0.0
630,2016-01-31,0.0
631,2016-02-07,0.0
632,2016-02-14,75.8134131420159
633,2016-02-21,0.0
634,2016-02-28,0.0
635,2016-03-06,134.463808414512
636,2016-03-13,0.0
637,2016-03-20,0.0
638,2016-03-27,0.0
639,2016-04-03,0.0
640,2016-04-10,0.0
641,2016-04-17,85.54543997062264
642,2016-04-24,0.0
643,2016-05-01,0.0
644,2016-05-08,0.0
645,2016-05-15,0.0
646,2016-05-22,45.72025586936067
647,2016-05-29,0.0
648,2016-06-05,0.0
649,2016-06-12,0.0
650,2016-06-19,0.0
651,2016-06-26,0.0
652,2016-07-03,0.0
653,2016-07-10,0.0
654,2016-07-17,0.0
655,2016-07-24,52.15961601814193
656,2016-07-31,0.0
657,2016-08-07,0.0
658,2016-08-14,0.0
659,2016-08-21,0.0
660,2016-08-28,0.0
661,2016-09-04,0.0
662,2016-09-11,0.0
663,2016-09-18,0.0
664,2016-09-25,0.0
665,2016-10-02,0.0
666,2016-10-09,0.0
667,2016-10-16,0.0
668,2016-10-23,0.0
669,2016-10-30,80.9779321124816
670,2016-11-06,0.0
671,2016-11-13,0.0
672,2016-11-20,63.475226245039224
673,2016-11-27,0.0
674,2016-12-04,0.0
675,2016-12-11,0.0
676,2016-12-18,38.83907526488509
677,2016-12-25,0.0
678,2017-01-01,0.0
679,2017-01-08,0.0
680,2017-01-15,0.0
681,2017-01-22,0.0
682,2017-01-29,28.238831607058767
683,2017-02-05,0.0
684,2017-02-12,0.0
685,2017-02-19,0.0
686,2017-02-26,0.0
687,2017-03-05,0.0
688,2017-03-12,0.0
689,2017-03-19,0.0
690,2017-03-26,0.0
691,2017-04-02,35.00989261958386
692,2017-04-09,37.186094466495064
693,2017-04-16,0.0
694,2017-04-23,25.845341424123422
695,2017-04-30,44.22621271642851
696,2017-05-07,74.33732493062416
697,2017-05-14,0.0
698,2017-05-21,0.0
699,2017-05-28,0.0
700,2017-06-04,0.0
701,2017-06-11,0.0
702,2017-06-18,0.0
703,2017-06-25,0.0
704,2017-07-02,0.0
705,2017-07-09,91.87854081118309
706,2017-07-16,39.72108472131532
707,2017-07-23,57.060999652777404
708,2017-07-30,0.0
709,2017-08-06,0.0
710,2017-08-13,0.0
711,2017-08-20,0.0
712,2017-08-27,0.0
713,2017-09-03,0.0
714,2017-09-10,0.0
715,2017-09-17,0.0
716,2017-09-24,0.0
717,2017-10-01,0.0
718,2017-10-08,0.0
719,2017-10-15,0.0
720,2017-10-22,50.71200620186669
721,2017-10-29,0.0
722,2017-11-05,0.0
723,2017-11-12,0.0
724,2017-11-19,0.0
725,2017-11-26,68.8010791736869
726,2017-12-03,0.0
727,2017-12-10,0.0
728,2017-12-17,0.0
729,2017-12-24,0.0
730,2017-12-31,0.0
731,2018-01-07,0.0
732,2018-01-14,0.0
733,2018-01-21,0.0
734,2018-01-28,0.0
735,2018-02-04,58.46453634161493
736,2018-02-11,0.0
737,2018-02-18,0.0
738,2018-02-25,0.0
739,2018-03-04,0.0
740,2018-03-11,0.0
741,2018-03-18,33.84547895681184
742,2018-03-25,61.476644213062094
743,2018-04-01,0.0
744,2018-04-08,41.965589261232914
745,2018-04-15,49.24025896421474
746,2018-04-22,0.0
747,2018-04-29,0.0
748,2018-05-06,25.75762061166389
749,2018-05-13,0.0
750,2018-05-20,0.0
751,2018-05-27,0.0
752,2018-06-03,0.0
753,2018-06-10,0.0
754,2018-06-17,0.0
755,2018-06-24,0.0
756,2018-07-01,0.0
757,2018-07-08,0.0
758,2018-07-15,68.54298064142687
759,2018-07-22,0.0
760,2018-07-29,0.0
761,2018-08-05,0.0
762,2018-08-12,0.0
763,2018-08-19,0.0
764,2018-08-26,0.0
765,2018-09-02,0.0
766,2018-09-09,0.0
767,2018-09-16,0.0
768,2018-09-23,0.0
769,2018-09-30,0.0
770,2018-10-07,0.0
771,2018-10-14,0.0
772,2018-10-21,35.900599536504004
773,2018-10-28,0.0
774,2018-11-04,0.0
775,2018-11-11,0.0
776,2018-11-18,39.738906372791035
777,2018-11-25,0.0
778,2018-12-02,0.0
779,2018-12-09,0.0
780,2018-12-16,0.0
781,2018-12-23,0.0
782,2018-12-30,0.0
783,2019-01-06,47.85015276120735
784,2019-01-13,0.0
785,2019-01-20,0.0
786,2019-01-27,0.0
787,2019-02-03,0.0
788,2019-02-10,40.150849035121915
789,2019-02-17,0.0
790,2019-02-24,33.46736351454377
791,2019-03-03,0.0
792,2019-03-10,0.0
793,2019-03-17,83.12855201170571
794,2019-03-24,0.0
795,2019-03-31,0.0
796,2019-04-07,0.0
797,2019-04-14,34.27811527847688
798,2019-04-21,0.0
799,2019-04-28,0.0
800,2019-05-05,0.0
801,2019-05-12,0.0
802,2019-05-19,0.0
803,2019-05-26,0.0
804,2019-06-02,57.26116156847978
805,2019-06-09,0.0
806,2019-06-16,0.0
807,2019-06-23,0.0
808,2019-06-30,0.0
809,2019-07-07,0.0
810,2019-07-14,0.0
811,2019-07-21,30.274386734297885
812,2019-07-28,0.0
813,2019-08-04,0.0
814,2019-08-11,0.0
815,2019-08-18,0.0
816,2019-08-25,0.0
817,2019-09-01,0.0
818,2019-09-08,0.0
819,2019-09-15,79.0402724189581
820,2019-09-22,0.0
821,2019-09-29,0.0
822,2019-10-06,73.00174714088595
823,2019-10-13,0.0
824,2019-10-20,0.0
825,2019-10-27,28.55714132577911
826,2019-11-03,0.0
827,2019-11-10,0.0
828,2019-11-17,0.0
829,2019-11-24,51.644922660998425
830,2019-12-01,0.0
831,2019-12-08,35.909945203333514
832,2019-12-15,0.0
833,2019-12-22,0.0
834,2019-12-29,55.01199193980938
835,2020-01-05,0.0
836,2020-01-12,0.0
837,2020-01-19,0.0
838,2020-01-26,0.0
839,2020-02-02,39.755965802944985
840,2020-02-09,29.10585100924896
841,2020-02-16,26.649493821379668
842,2020-02-23,0.0
843,2020-03-01,0.0
844,2020-03-08,0.0
845,2020-03-15,0.0
846,2020-03-22,0.0
847,2020-03-29,0.0
848,2020-04-05,0.0
849,2020-04-12,0.0
850,2020-04-19,20.54058480707971
851,2020-04-26,0.0
852,2020-05-03,0.0
853,2020-05-10,67.03772990917604
854,2020-05-17,0.0
855,2020-05-24,0.0
856,2020-05-31,0.0
857,2020-06-07,0.0
858,2020-06-14,0.0
859,2020-06-21,0.0
860,2020-06-28,91.33184903244782
861,2020-07-05,40.26248028809473
862,2020-07-12,0.0
863,2020-07-19,30.599315468008708
864,2020-07-26,33.879645602153104
865,2020-08-02,0.0
866,2020-08-09,0.0
867,2020-08-16,0.0
868,2020-08-23,0.0
869,2020-08-30,22.12113044258657
870,2020-09-06,0.0
871,2020-09-13,0.0
872,2020-09-20,0.0
873,2020-09-27,0.0
874,2020-10-04,0.0
875,2020-10-11,0.0
876,2020-10-18,37.702715612661216
877,2020-10-25,38.231127646610865
878,2020-11-01,39.09279242064366
879,2020-11-08,0.0
880,2020-11-15,0.0
881,2020-11-22,0.0
882,2020-11-29,0.0
883,2020-12-06,0.0
884,2020-12-13,0.0
885,2020-12-20,0.0
886,2020-12-27,0.0
887,2021-01-03,0.0
888,2021-01-10,0.0
889,2021-01-17,0.0
890,2021-01-24,0.0
891,2021-01-31,0.0
892,2021-02-07,119.27051387295688
893,2021-02-14,0.0
894,2021-02-21,0.0
895,2021-02-28,0.0
896,2021-03-07,0.0
897,2021-03-14,0.0
898,2021-03-21,0.0
899,2021-03-28,0.0
900,2021-04-04,0.0
901,2021-04-11,0.0
902,2021-04-18,45.733017495584654
903,2021-04-25,36.85231271112068
904,2021-05-02,0.0
905,2021-05-09,25.751758551266857
906,2021-05-16,0.0
907,2021-05-23,0.0
908,2021-05-30,0.0
909,2021-06-06,73.61489865661382
910,2021-06-13,0.0
911,2021-06-20,0.0
912,2021-06-27,0.0
913,2021-07-04,0.0
914,2021-07-11,0.0
915,2021-07-18,0.0
916,2021-07-25,0.0
917,2021-08-01,34.998605053857446
918,2021-08-08,0.0
919,2021-08-15,27.34609090423566
920,2021-08-22,0.0
921,2021-08-29,33.11893929492377
922,2021-09-05,0.0
923,2021-09-12,33.40395274128967
924,2021-09-19,0.0
925,2021-09-26,0.0
926,2021-10-03,0.0
927,2021-10-10,90.57454622962662
928,2021-10-17,0.0
929,2021-10-24,0.0
930,2021-10-31,0.0
931,2021-11-07,0.0
932,2021-11-14,0.0
933,2021-11-21,0.0
934,2021-11-28,48.60303153960373
935,2021-12-05,0.0
936,2021-12-12,45.15117779797838
937,2021-12-19,0.0
938,2021-12-26,49.22457027788945
939,2022-01-02,0.0
940,2022-01-09,0.0
941,2022-01-16,63.492031161732655
942,2022-01-23,0.0
943,2022-01-30,0.0
944,2022-02-06,0.0
945,2022-02-13,0.0
946,2022-02-20,0.0
947,2022-02-27,29.255615891347293
948,2022-03-06,0.0
949,2022-03-13,0.0
950,2022-03-20,47.55335954031028
951,2022-03-27,0.0
952,2022-04-03,0.0
953,2022-04-10,0.0
954,2022-04-17,43.98740545830509
955,2022-04-24,18.132114850801113
956,2022-05-01,0.0
957,2022-05-08,0.0
958,2022-05-15,0.0
959,2022-05-22,31.741289875746087
960,2022-05-29,92.0172134985221
961,2022-06-05,94.65457063042753
962,2022-06-12,35.58877644918008
963,2022-06-19,0.0
964,2022-06-26,0.0
965,2022-07-03,0.0
966,2022-07-10,33.27936405336723
967,2022-07-17,0.0
968,2022-07-24,36.87392355259194
969,2022-07-31,0.0
970,2022-08-07,0.0
971,2022-08-14,0.0
972,2022-08-21,0.0
973,2022-08-28,35.84535194124415
974,2022-09-04,0.0
975,2022-09-11,0.0
976,2022-09-18,0.0
977,2022-09-25,0.0
978,2022-10-02,86.29885008323303
979,2022-10-09,50.892776885414555
980,2022-10-16,0.0
981,2022-10-23,39.33825899975646
982,2022-10-30,33.68106010872123
983,2022-11-06,0.0
984,2022-11-13,46.69728112729443
985,2022-11-20,0.0
986,2022-11-27,0.0
987,2022-12-04,38.60889866371526
988,2022-12-11,0.0
989,2022-12-18,0.0
990,2022-12-25,60.94008727507617
991,2023-01-01,0.0
992,2023-01-08,42.873746501874535
993,2023-01-15,47.40763282819127
994,2023-01-22,0.0
995,2023-01-29,0.0
