,date,the flu
0,2004-01-04,0.0
1,2004-01-11,0.0
2,2004-01-18,3717.8701146200665
3,2004-01-25,7399.675551628005
4,2004-02-01,3084.367918766484
5,2004-02-08,0.0
6,2004-02-15,0.0
7,2004-02-22,4263.273262707289
8,2004-02-29,0.0
9,2004-03-07,0.0
10,2004-03-14,0.0
11,2004-03-21,0.0
12,2004-03-28,0.0
13,2004-04-04,5502.754650333382
14,2004-04-11,0.0
15,2004-04-18,0.0
16,2004-04-25,0.0
17,2004-05-02,0.0
18,2004-05-09,0.0
19,2004-05-16,0.0
20,2004-05-23,0.0
21,2004-05-30,8078.618386977788
22,2004-06-06,0.0
23,2004-06-13,0.0
24,2004-06-20,0.0
25,2004-06-27,0.0
26,2004-07-04,0.0
27,2004-07-11,0.0
28,2004-07-18,0.0
29,2004-07-25,0.0
30,2004-08-01,0.0
31,2004-08-08,0.0
32,2004-08-15,0.0
33,2004-08-22,0.0
34,2004-08-29,0.0
35,2004-09-05,0.0
36,2004-09-12,0.0
37,2004-09-19,9280.359538686718
38,2004-09-26,4596.019390952666
39,2004-10-03,0.0
40,2004-10-10,0.0
41,2004-10-17,2773.9721670527233
42,2004-10-24,0.0
43,2004-10-31,0.0
44,2004-11-07,0.0
45,2004-11-14,0.0
46,2004-11-21,0.0
47,2004-11-28,0.0
48,2004-12-05,0.0
49,2004-12-12,0.0
50,2004-12-19,0.0
51,2004-12-26,0.0
52,2005-01-02,0.0
53,2005-01-09,0.0
54,2005-01-16,0.0
55,2005-01-23,0.0
56,2005-01-30,0.0
57,2005-02-06,0.0
58,2005-02-13,0.0
59,2005-02-20,0.0
60,2005-02-27,3419.6714147360685
61,2005-03-06,0.0
62,2005-03-13,0.0
63,2005-03-20,0.0
64,2005-03-27,0.0
65,2005-04-03,0.0
66,2005-04-10,0.0
67,2005-04-17,0.0
68,2005-04-24,0.0
69,2005-05-01,0.0
70,2005-05-08,0.0
71,2005-05-15,0.0
72,2005-05-22,0.0
73,2005-05-29,0.0
74,2005-06-05,0.0
75,2005-06-12,0.0
76,2005-06-19,3366.160848794333
77,2005-06-26,0.0
78,2005-07-03,0.0
79,2005-07-10,3003.0185628781223
80,2005-07-17,0.0
81,2005-07-24,0.0
82,2005-07-31,0.0
83,2005-08-07,0.0
84,2005-08-14,11547.824443248883
85,2005-08-21,2420.2738212876166
86,2005-08-28,0.0
87,2005-09-04,0.0
88,2005-09-11,3842.286399592732
89,2005-09-18,0.0
90,2005-09-25,0.0
91,2005-10-02,1561.884471777304
92,2005-10-09,0.0
93,2005-10-16,3574.337579100408
94,2005-10-23,0.0
95,2005-10-30,1486.4695454559046
96,2005-11-06,0.0
97,2005-11-13,0.0
98,2005-11-20,0.0
99,2005-11-27,3976.451647264071
100,2005-12-04,0.0
101,2005-12-11,2100.759799104016
102,2005-12-18,0.0
103,2005-12-25,5467.638351552945
104,2006-01-01,0.0
105,2006-01-08,0.0
106,2006-01-15,1468.563124220026
107,2006-01-22,0.0
108,2006-01-29,0.0
109,2006-02-05,0.0
110,2006-02-12,0.0
111,2006-02-19,0.0
112,2006-02-26,1658.3555377576638
113,2006-03-05,0.0
114,2006-03-12,0.0
115,2006-03-19,0.0
116,2006-03-26,0.0
117,2006-04-02,0.0
118,2006-04-09,0.0
119,2006-04-16,0.0
120,2006-04-23,0.0
121,2006-04-30,0.0
122,2006-05-07,0.0
123,2006-05-14,1443.0140533903025
124,2006-05-21,0.0
125,2006-05-28,0.0
126,2006-06-04,0.0
127,2006-06-11,0.0
128,2006-06-18,1808.0641869441095
129,2006-06-25,0.0
130,2006-07-02,0.0
131,2006-07-09,0.0
132,2006-07-16,0.0
133,2006-07-23,0.0
134,2006-07-30,0.0
135,2006-08-06,0.0
136,2006-08-13,0.0
137,2006-08-20,0.0
138,2006-08-27,0.0
139,2006-09-03,0.0
140,2006-09-10,2968.8882497836225
141,2006-09-17,0.0
142,2006-09-24,0.0
143,2006-10-01,0.0
144,2006-10-08,1175.6049457149777
145,2006-10-15,1174.9073176650054
146,2006-10-22,0.0
147,2006-10-29,0.0
148,2006-11-05,1465.4423004029773
149,2006-11-12,1255.2599614020082
150,2006-11-19,0.0
151,2006-11-26,0.0
152,2006-12-03,0.0
153,2006-12-10,1071.3456131930998
154,2006-12-17,0.0
155,2006-12-24,1967.312211264173
156,2006-12-31,0.0
157,2007-01-07,1874.284088896615
158,2007-01-14,0.0
159,2007-01-21,0.0
160,2007-01-28,0.0
161,2007-02-04,850.8788932482805
162,2007-02-11,0.0
163,2007-02-18,0.0
164,2007-02-25,0.0
165,2007-03-04,0.0
166,2007-03-11,0.0
167,2007-03-18,0.0
168,2007-03-25,0.0
169,2007-04-01,0.0
170,2007-04-08,0.0
171,2007-04-15,0.0
172,2007-04-22,1045.2158557495372
173,2007-04-29,0.0
174,2007-05-06,1134.483926031327
175,2007-05-13,0.0
176,2007-05-20,0.0
177,2007-05-27,0.0
178,2007-06-03,0.0
179,2007-06-10,0.0
180,2007-06-17,0.0
181,2007-06-24,0.0
182,2007-07-01,2780.8384912637416
183,2007-07-08,0.0
184,2007-07-15,0.0
185,2007-07-22,0.0
186,2007-07-29,0.0
187,2007-08-05,0.0
188,2007-08-12,0.0
189,2007-08-19,753.0779698193402
190,2007-08-26,1210.7976744559169
191,2007-09-02,760.9196499494335
192,2007-09-09,776.3464265189353
193,2007-09-16,0.0
194,2007-09-23,0.0
195,2007-09-30,0.0
196,2007-10-07,0.0
197,2007-10-14,3063.981794519283
198,2007-10-21,0.0
199,2007-10-28,0.0
200,2007-11-04,674.6215744992833
201,2007-11-11,0.0
202,2007-11-18,2319.45795193099
203,2007-11-25,0.0
204,2007-12-02,0.0
205,2007-12-09,0.0
206,2007-12-16,0.0
207,2007-12-23,0.0
208,2007-12-30,0.0
209,2008-01-06,0.0
210,2008-01-13,0.0
211,2008-01-20,0.0
212,2008-01-27,1381.3500248424016
213,2008-02-03,0.0
214,2008-02-10,839.8609592344952
215,2008-02-17,2459.8313541621005
216,2008-02-24,0.0
217,2008-03-02,0.0
218,2008-03-09,0.0
219,2008-03-16,0.0
220,2008-03-23,0.0
221,2008-03-30,0.0
222,2008-04-06,0.0
223,2008-04-13,0.0
224,2008-04-20,0.0
225,2008-04-27,0.0
226,2008-05-04,0.0
227,2008-05-11,0.0
228,2008-05-18,0.0
229,2008-05-25,0.0
230,2008-06-01,0.0
231,2008-06-08,0.0
232,2008-06-15,0.0
233,2008-06-22,0.0
234,2008-06-29,0.0
235,2008-07-06,0.0
236,2008-07-13,0.0
237,2008-07-20,0.0
238,2008-07-27,0.0
239,2008-08-03,0.0
240,2008-08-10,0.0
241,2008-08-17,0.0
242,2008-08-24,661.9081407187523
243,2008-08-31,0.0
244,2008-09-07,0.0
245,2008-09-14,642.0083580288294
246,2008-09-21,0.0
247,2008-09-28,0.0
248,2008-10-05,885.0330036440258
249,2008-10-12,0.0
250,2008-10-19,683.0486563900047
251,2008-10-26,661.600831409785
252,2008-11-02,0.0
253,2008-11-09,681.3731940152298
254,2008-11-16,0.0
255,2008-11-23,2194.1725459072773
256,2008-11-30,0.0
257,2008-12-07,0.0
258,2008-12-14,0.0
259,2008-12-21,849.9263539312872
260,2008-12-28,0.0
261,2009-01-04,0.0
262,2009-01-11,765.5907663444884
263,2009-01-18,623.8429074737184
264,2009-01-25,607.380131202819
265,2009-02-01,0.0
266,2009-02-08,0.0
267,2009-02-15,0.0
268,2009-02-22,0.0
269,2009-03-01,1053.8001184784227
270,2009-03-08,0.0
271,2009-03-15,0.0
272,2009-03-22,0.0
273,2009-03-29,0.0
274,2009-04-05,0.0
275,2009-04-12,0.0
276,2009-04-19,0.0
277,2009-04-26,10493.964489995602
278,2009-05-03,3355.9937647457537
279,2009-05-10,0.0
280,2009-05-17,2755.595551020808
281,2009-05-24,0.0
282,2009-05-31,2708.0432430157234
283,2009-06-07,1275.5099280745205
284,2009-06-14,2409.487032368455
285,2009-06-21,1610.6143640735145
286,2009-06-28,936.7854965432255
287,2009-07-05,1503.8970969797076
288,2009-07-12,1885.4622207099949
289,2009-07-19,0.0
290,2009-07-26,0.0
291,2009-08-02,0.0
292,2009-08-09,0.0
293,2009-08-16,1325.2652784719091
294,2009-08-23,964.6317943605575
295,2009-08-30,731.6426810386663
296,2009-09-06,0.0
297,2009-09-13,1498.0315465238132
298,2009-09-20,1651.308480230357
299,2009-09-27,1243.793644246197
300,2009-10-04,2658.729062064508
301,2009-10-11,3503.079461826261
302,2009-10-18,3004.294894461596
303,2009-10-25,4524.549779074737
304,2009-11-01,3660.8199929476905
305,2009-11-08,3214.0141517060924
306,2009-11-15,970.1467852177028
307,2009-11-22,1468.0142474731442
308,2009-11-29,0.0
309,2009-12-06,753.4643442349362
310,2009-12-13,754.2096476616631
311,2009-12-20,0.0
312,2009-12-27,1723.800553068168
313,2010-01-03,1350.9322425439325
314,2010-01-10,1252.9035037461595
315,2010-01-17,0.0
316,2010-01-24,0.0
317,2010-01-31,0.0
318,2010-02-07,0.0
319,2010-02-14,0.0
320,2010-02-21,0.0
321,2010-02-28,0.0
322,2010-03-07,3365.3143501574345
323,2010-03-14,0.0
324,2010-03-21,0.0
325,2010-03-28,0.0
326,2010-04-04,0.0
327,2010-04-11,0.0
328,2010-04-18,0.0
329,2010-04-25,0.0
330,2010-05-02,0.0
331,2010-05-09,0.0
332,2010-05-16,0.0
333,2010-05-23,0.0
334,2010-05-30,0.0
335,2010-06-06,2011.6875577087485
336,2010-06-13,2274.4336423068585
337,2010-06-20,0.0
338,2010-06-27,0.0
339,2010-07-04,0.0
340,2010-07-11,0.0
341,2010-07-18,0.0
342,2010-07-25,0.0
343,2010-08-01,0.0
344,2010-08-08,0.0
345,2010-08-15,0.0
346,2010-08-22,0.0
347,2010-08-29,0.0
348,2010-09-05,0.0
349,2010-09-12,0.0
350,2010-09-19,1732.7715638698633
351,2010-09-26,0.0
352,2010-10-03,0.0
353,2010-10-10,0.0
354,2010-10-17,0.0
355,2010-10-24,685.7020246529929
356,2010-10-31,494.9654024629885
357,2010-11-07,1071.97908765029
358,2010-11-14,525.2814884222071
359,2010-11-21,0.0
360,2010-11-28,0.0
361,2010-12-05,0.0
362,2010-12-12,0.0
363,2010-12-19,1407.3271352539027
364,2010-12-26,0.0
365,2011-01-02,1048.6831555526878
366,2011-01-09,1002.9429626683192
367,2011-01-16,0.0
368,2011-01-23,332.5150650775772
369,2011-01-30,0.0
370,2011-02-06,630.8455760755213
371,2011-02-13,1277.2568316669535
372,2011-02-20,429.86714833204786
373,2011-02-27,706.857984043321
374,2011-03-06,0.0
375,2011-03-13,849.355006872495
376,2011-03-20,0.0
377,2011-03-27,0.0
378,2011-04-03,299.45150454580016
379,2011-04-10,333.4526922529483
380,2011-04-17,301.0914214091733
381,2011-04-24,0.0
382,2011-05-01,0.0
383,2011-05-08,0.0
384,2011-05-15,0.0
385,2011-05-22,0.0
386,2011-05-29,0.0
387,2011-06-05,0.0
388,2011-06-12,0.0
389,2011-06-19,0.0
390,2011-06-26,0.0
391,2011-07-03,0.0
392,2011-07-10,347.9723387252964
393,2011-07-17,0.0
394,2011-07-24,0.0
395,2011-07-31,0.0
396,2011-08-07,0.0
397,2011-08-14,457.4238945946418
398,2011-08-21,0.0
399,2011-08-28,398.21173606320866
400,2011-09-04,0.0
401,2011-09-11,1051.0212061257437
402,2011-09-18,0.0
403,2011-09-25,0.0
404,2011-10-02,279.322377058225
405,2011-10-09,650.497398970496
406,2011-10-16,350.8082673725221
407,2011-10-23,545.5636156517572
408,2011-10-30,0.0
409,2011-11-06,299.5729786453337
410,2011-11-13,706.6301220876111
411,2011-11-20,686.4808989637197
412,2011-11-27,1292.3755158212298
413,2011-12-04,0.0
414,2011-12-11,330.536143592703
415,2011-12-18,288.98612120032436
416,2011-12-25,780.2243007732868
417,2012-01-01,519.5834598497972
418,2012-01-08,378.02326200376837
419,2012-01-15,415.8313251357918
420,2012-01-22,275.62224260303617
421,2012-01-29,389.6709816906679
422,2012-02-05,1005.0147592668735
423,2012-02-12,375.2067711778984
424,2012-02-19,743.5265259645685
425,2012-02-26,470.9431347722207
426,2012-03-04,724.077151150867
427,2012-03-11,626.2598269113728
428,2012-03-18,585.8701148183941
429,2012-03-25,808.6299834179171
430,2012-04-01,459.3133821965944
431,2012-04-08,613.2452170025099
432,2012-04-15,0.0
433,2012-04-22,447.41127603645924
434,2012-04-29,0.0
435,2012-05-06,0.0
436,2012-05-13,260.5335658546515
437,2012-05-20,0.0
438,2012-05-27,508.18329073015786
439,2012-06-03,343.5238350199505
440,2012-06-10,0.0
441,2012-06-17,0.0
442,2012-06-24,0.0
443,2012-07-01,0.0
444,2012-07-08,0.0
445,2012-07-15,0.0
446,2012-07-22,0.0
447,2012-07-29,0.0
448,2012-08-05,0.0
449,2012-08-12,0.0
450,2012-08-19,0.0
451,2012-08-26,236.55569960332082
452,2012-09-02,288.8651679580807
453,2012-09-09,205.96027694328438
454,2012-09-16,0.0
455,2012-09-23,458.3406707497242
456,2012-09-30,424.96068184490986
457,2012-10-07,643.8505466090378
458,2012-10-14,572.9115328475032
459,2012-10-21,359.62906543502254
460,2012-10-28,227.37366325423002
461,2012-11-04,251.22097811533786
462,2012-11-11,484.79221682153866
463,2012-11-18,537.9394821248392
464,2012-11-25,749.845312410803
465,2012-12-02,792.8008630211243
466,2012-12-09,438.7507072873327
467,2012-12-16,280.5523080207276
468,2012-12-23,778.1145516765089
469,2012-12-30,2046.9073381458943
470,2013-01-06,1650.604867919861
471,2013-01-13,2742.628138576311
472,2013-01-20,1906.1645096385084
473,2013-01-27,887.4861797290706
474,2013-02-03,832.5414178357721
475,2013-02-10,181.43885027066221
476,2013-02-17,343.0068846220085
477,2013-02-24,398.1998626573049
478,2013-03-03,234.88430125364155
479,2013-03-10,463.569655409526
480,2013-03-17,426.8205228515579
481,2013-03-24,714.1447741370789
482,2013-03-31,241.74910495841073
483,2013-04-07,232.27284771291528
484,2013-04-14,548.5890722784451
485,2013-04-21,631.482087326333
486,2013-04-28,455.7603564455985
487,2013-05-05,289.61797600884825
488,2013-05-12,0.0
489,2013-05-19,358.4994959049181
490,2013-05-26,0.0
491,2013-06-02,753.3784743457212
492,2013-06-09,441.34011444332344
493,2013-06-16,0.0
494,2013-06-23,734.2935315858996
495,2013-06-30,264.98185589935224
496,2013-07-07,436.43987999562626
497,2013-07-14,0.0
498,2013-07-21,190.81086552607047
499,2013-07-28,135.80412930068786
500,2013-08-04,360.68225999376637
501,2013-08-11,0.0
502,2013-08-18,133.6601387644232
503,2013-08-25,0.0
504,2013-09-01,304.0849732181178
505,2013-09-08,481.2361204221825
506,2013-09-15,388.4659378223733
507,2013-09-22,414.97383322759003
508,2013-09-29,504.32032214771846
509,2013-10-06,733.3963011275288
510,2013-10-13,850.3396142586665
511,2013-10-20,1185.4359118996751
512,2013-10-27,785.4330209313246
513,2013-11-03,919.2494275283084
514,2013-11-10,661.8676195268966
515,2013-11-17,1014.0397404495069
516,2013-11-24,593.945169667898
517,2013-12-01,330.28454032346144
518,2013-12-08,833.886217057425
519,2013-12-15,597.8677630340363
520,2013-12-22,1809.0701787564176
521,2013-12-29,1989.0240013986217
522,2014-01-05,1395.9741315411975
523,2014-01-12,1945.3825052219288
524,2014-01-19,689.3174397360534
525,2014-01-26,981.1862390278034
526,2014-02-02,873.2572211977144
527,2014-02-09,776.6344756200255
528,2014-02-16,723.326321414646
529,2014-02-23,606.0189797282917
530,2014-03-02,0.0
531,2014-03-09,184.67343560578942
532,2014-03-16,422.406820563055
533,2014-03-23,190.56701616492325
534,2014-03-30,756.3768004349822
535,2014-04-06,211.7287316137776
536,2014-04-13,354.83882860015746
537,2014-04-20,218.8820480817616
538,2014-04-27,719.0215676567998
539,2014-05-04,653.3779764683483
540,2014-05-11,0.0
541,2014-05-18,316.68728169306064
542,2014-05-25,0.0
543,2014-06-01,804.5288241219448
544,2014-06-08,229.25061337529883
545,2014-06-15,262.3348906168817
546,2014-06-22,0.0
547,2014-06-29,0.0
548,2014-07-06,496.3214880428323
549,2014-07-13,369.8656858573171
550,2014-07-20,0.0
551,2014-07-27,0.0
552,2014-08-03,0.0
553,2014-08-10,0.0
554,2014-08-17,844.9857017146904
555,2014-08-24,517.5543751657658
556,2014-08-31,211.84918080494242
557,2014-09-07,224.8835448688047
558,2014-09-14,362.1714700519499
559,2014-09-21,485.910961275528
560,2014-09-28,532.6454105410971
561,2014-10-05,577.6441432902907
562,2014-10-12,1250.382538465771
563,2014-10-19,451.0977717913117
564,2014-10-26,345.3572436026209
565,2014-11-02,391.4156378041226
566,2014-11-09,986.803708318616
567,2014-11-16,462.73064436461334
568,2014-11-23,295.2205057296066
569,2014-11-30,854.6138138520074
570,2014-12-07,566.5115300458473
571,2014-12-14,1066.7370018844513
572,2014-12-21,1486.3999918787995
573,2014-12-28,1820.204817800456
574,2015-01-04,1703.641425096085
575,2015-01-11,2083.346421801221
576,2015-01-18,837.1379157162613
577,2015-01-25,903.4973796499008
578,2015-02-01,1033.160044368146
579,2015-02-08,738.6778278675567
580,2015-02-15,289.9675474054161
581,2015-02-22,599.6841672157643
582,2015-03-01,989.5839748462064
583,2015-03-08,391.0480374611733
584,2015-03-15,722.748021138117
585,2015-03-22,1113.6973838737333
586,2015-03-29,522.9789078849219
587,2015-04-05,616.2547878549545
588,2015-04-12,579.2435251816706
589,2015-04-19,444.79502112984994
590,2015-04-26,0.0
591,2015-05-03,849.552591131488
592,2015-05-10,764.7574989849161
593,2015-05-17,294.39092182891363
594,2015-05-24,0.0
595,2015-05-31,466.77470243897335
596,2015-06-07,306.66416187263303
597,2015-06-14,410.54781617204236
598,2015-06-21,0.0
599,2015-06-28,515.8354835075257
600,2015-07-05,0.0
601,2015-07-12,0.0
602,2015-07-19,0.0
603,2015-07-26,364.1991809401868
604,2015-08-02,310.8710092625998
605,2015-08-09,977.3702229809065
606,2015-08-16,0.0
607,2015-08-23,755.5994767683072
608,2015-08-30,0.0
609,2015-09-06,526.7338877069009
610,2015-09-13,422.6253856706152
611,2015-09-20,517.3397418133321
612,2015-09-27,472.25789224980224
613,2015-10-04,823.9606935515164
614,2015-10-11,584.0089705339003
615,2015-10-18,530.2628333444533
616,2015-10-25,1066.164384800008
617,2015-11-01,880.5548102661531
618,2015-11-08,908.5482113144787
619,2015-11-15,261.25871530254375
620,2015-11-22,404.47424907135155
621,2015-11-29,430.7694790476548
622,2015-12-06,547.857368306235
623,2015-12-13,570.5993828644823
624,2015-12-20,651.8662403990346
625,2015-12-27,693.0267952174742
626,2016-01-03,495.58610464828973
627,2016-01-10,464.5740683770189
628,2016-01-17,881.1137905291831
629,2016-01-24,222.95425981159119
630,2016-01-31,478.7372433158119
631,2016-02-07,936.488983811304
632,2016-02-14,1137.46381036734
633,2016-02-21,842.8491083612464
634,2016-02-28,869.585758378483
635,2016-03-06,1129.2686423859295
636,2016-03-13,798.2691026137752
637,2016-03-20,893.066398814268
638,2016-03-27,204.05856184136775
639,2016-04-03,580.1516035071081
640,2016-04-10,265.27891506561025
641,2016-04-17,0.0
642,2016-04-24,535.0321504414213
643,2016-05-01,272.7230954336578
644,2016-05-08,607.4327571572866
645,2016-05-15,396.9559314654572
646,2016-05-22,570.5326652993317
647,2016-05-29,664.9766081775773
648,2016-06-05,428.0506750697921
649,2016-06-12,185.0324007125885
650,2016-06-19,360.4027913992271
651,2016-06-26,286.62876609107553
652,2016-07-03,204.69678454360346
653,2016-07-10,0.0
654,2016-07-17,0.0
655,2016-07-24,418.58517693642017
656,2016-07-31,0.0
657,2016-08-07,408.55829589942687
658,2016-08-14,213.7752348056876
659,2016-08-21,763.5829568020962
660,2016-08-28,346.4663308932331
661,2016-09-04,174.0302946392868
662,2016-09-11,392.7087297308884
663,2016-09-18,798.0990517960934
664,2016-09-25,316.1537147323078
665,2016-10-02,679.0134490885422
666,2016-10-09,950.4438237274234
667,2016-10-16,603.0064316075477
668,2016-10-23,1099.0224680980402
669,2016-10-30,900.5302797473867
670,2016-11-06,312.15827964537317
671,2016-11-13,527.6688657873754
672,2016-11-20,719.0899725816352
673,2016-11-27,492.2686470853964
674,2016-12-04,826.7904216284666
675,2016-12-11,321.9991762605084
676,2016-12-18,703.4965730726244
677,2016-12-25,826.4240014680805
678,2017-01-01,1375.6763378433725
679,2017-01-08,1274.8849086123867
680,2017-01-15,1101.020082718543
681,2017-01-22,691.2350555782557
682,2017-01-29,991.3786149586653
683,2017-02-05,664.1068644330282
684,2017-02-12,520.3810170735231
685,2017-02-19,932.551384608076
686,2017-02-26,946.1391353526733
687,2017-03-05,632.382906074595
688,2017-03-12,228.9631696311925
689,2017-03-19,820.4021112515551
690,2017-03-26,387.7179297021959
691,2017-04-02,0.0
692,2017-04-09,449.1020000765595
693,2017-04-16,546.7691700540847
694,2017-04-23,679.1446350144955
695,2017-04-30,614.0095555004889
696,2017-05-07,461.522312204923
697,2017-05-14,220.7762163276236
698,2017-05-21,265.62461785781204
699,2017-05-28,306.7515933065868
700,2017-06-04,0.0
701,2017-06-11,189.98133605648965
702,2017-06-18,159.31568481758347
703,2017-06-25,0.0
704,2017-07-02,268.7307062646159
705,2017-07-09,287.33627198261274
706,2017-07-16,171.8165021406624
707,2017-07-23,0.0
708,2017-07-30,390.00902074860977
709,2017-08-06,417.42149142189965
710,2017-08-13,327.9113218438778
711,2017-08-20,224.99537471763227
712,2017-08-27,301.5466191665441
713,2017-09-03,308.2387232745809
714,2017-09-10,130.24541886883287
715,2017-09-17,290.76437248294576
716,2017-09-24,495.9186370679875
717,2017-10-01,673.0137052455659
718,2017-10-08,648.9050780231613
719,2017-10-15,524.0230044280185
720,2017-10-22,582.109888042349
721,2017-10-29,985.3177285142734
722,2017-11-05,641.5620362073987
723,2017-11-12,969.3353532027284
724,2017-11-19,826.6875363479853
725,2017-11-26,734.4665931664692
726,2017-12-03,873.7314767199575
727,2017-12-10,1033.9318169917326
728,2017-12-17,1227.4208818069087
729,2017-12-24,1557.3751912032667
730,2017-12-31,2134.862444806698
731,2018-01-07,2949.3007255209795
732,2018-01-14,2858.298160028372
733,2018-01-21,3889.1358240809573
734,2018-01-28,4075.097550785126
735,2018-02-04,3754.3640722030527
736,2018-02-11,3092.5823446097857
737,2018-02-18,1964.355185213042
738,2018-02-25,1552.8115981548583
739,2018-03-04,1326.2140254834837
740,2018-03-11,849.3114936132889
741,2018-03-18,548.3361085247192
742,2018-03-25,760.3448351681069
743,2018-04-01,582.033769948556
744,2018-04-08,492.02663740253564
745,2018-04-15,434.376549955024
746,2018-04-22,302.18863120248596
747,2018-04-29,257.06317253932644
748,2018-05-06,368.45669722880456
749,2018-05-13,157.1314274931183
750,2018-05-20,0.0
751,2018-05-27,446.3691301771814
752,2018-06-03,0.0
753,2018-06-10,326.49908996824473
754,2018-06-17,313.5688760572726
755,2018-06-24,415.4738340689452
756,2018-07-01,138.25067208594763
757,2018-07-08,236.88614404961365
758,2018-07-15,321.0390949029194
759,2018-07-22,395.07946559958526
760,2018-07-29,157.6456056053882
761,2018-08-05,337.96530927417626
762,2018-08-12,174.03063729888876
763,2018-08-19,254.27358309649097
764,2018-08-26,454.98823853356686
765,2018-09-02,315.72657699006896
766,2018-09-09,602.3132773954201
767,2018-09-16,813.575450758237
768,2018-09-23,820.4917148190111
769,2018-09-30,709.9759218228564
770,2018-10-07,718.1767745071187
771,2018-10-14,657.3003524416866
772,2018-10-21,1184.7336462410067
773,2018-10-28,960.6747359210653
774,2018-11-04,1316.4302761022145
775,2018-11-11,758.7836981260415
776,2018-11-18,793.3090131420008
777,2018-11-25,1056.0344272271886
778,2018-12-02,435.5570981409767
779,2018-12-09,896.9868641424698
780,2018-12-16,543.3652360226749
781,2018-12-23,806.2624530703733
782,2018-12-30,1047.6192680315264
783,2019-01-06,1438.9789597740219
784,2019-01-13,1447.8983689553286
785,2019-01-20,1369.825588373481
786,2019-01-27,1692.6724318081563
787,2019-02-03,1668.9912431083828
788,2019-02-10,1483.1274475602968
789,2019-02-17,1751.6940374001565
790,2019-02-24,984.7081000516595
791,2019-03-03,1504.7746791285672
792,2019-03-10,1180.9859317766977
793,2019-03-17,1004.0448902175111
794,2019-03-24,875.5811223180282
795,2019-03-31,654.3962105792428
796,2019-04-07,489.26929336136413
797,2019-04-14,415.0979116102063
798,2019-04-21,371.8064592922514
799,2019-04-28,295.05871795964043
800,2019-05-05,485.95441966124463
801,2019-05-12,288.5721874864497
802,2019-05-19,258.44231657170127
803,2019-05-26,594.4689105598379
804,2019-06-02,223.8913983755331
805,2019-06-09,276.6159789380013
806,2019-06-16,267.91312918239066
807,2019-06-23,292.6832418508476
808,2019-06-30,229.4137845394929
809,2019-07-07,485.11680949029153
810,2019-07-14,0.0
811,2019-07-21,226.34433156762702
812,2019-07-28,167.3025655652682
813,2019-08-04,0.0
814,2019-08-11,248.23409293032952
815,2019-08-18,211.97513365751684
816,2019-08-25,214.16331958366908
817,2019-09-01,302.3220185646088
818,2019-09-08,736.9420387514275
819,2019-09-15,843.9665163297294
820,2019-09-22,960.8689977405646
821,2019-09-29,1060.8628044471063
822,2019-10-06,1121.4167756955787
823,2019-10-13,1102.2944323517552
824,2019-10-20,855.6859367862093
825,2019-10-27,1202.9368951585159
826,2019-11-03,1258.3927493975973
827,2019-11-10,1123.6334093216833
828,2019-11-17,1186.887421996525
829,2019-11-24,1017.6547567579986
830,2019-12-01,1036.787793970129
831,2019-12-08,1381.0521820003014
832,2019-12-15,978.8372262448028
833,2019-12-22,1985.112461966795
834,2019-12-29,2017.8847564566734
835,2020-01-05,2208.6109741374585
836,2020-01-12,1823.5719684462204
837,2020-01-19,2616.5357984989187
838,2020-01-26,4309.738924163058
839,2020-02-02,4055.780072006112
840,2020-02-09,2490.0907995855664
841,2020-02-16,2695.206907959897
842,2020-02-23,4578.515914376777
843,2020-03-01,6848.983083215853
844,2020-03-08,10502.224165178517
845,2020-03-15,7500.044038570294
846,2020-03-22,6406.177439416397
847,2020-03-29,6397.745278740392
848,2020-04-05,4416.286014363724
849,2020-04-12,2771.93051790589
850,2020-04-19,2747.966055770465
851,2020-04-26,2767.820199200331
852,2020-05-03,1885.7240640028738
853,2020-05-10,1827.475883027099
854,2020-05-17,1059.8363959966405
855,2020-05-24,1132.833077732009
856,2020-05-31,778.8419375258305
857,2020-06-07,739.8454295602813
858,2020-06-14,1205.8975865876134
859,2020-06-21,1417.2447378112263
860,2020-06-28,1518.402757175146
861,2020-07-05,1750.286097651897
862,2020-07-12,1817.0062618083052
863,2020-07-19,972.645608864667
864,2020-07-26,1101.4568929771076
865,2020-08-02,1207.175424279182
866,2020-08-09,1022.4307261155955
867,2020-08-16,1272.6153374723663
868,2020-08-23,1035.1019870179848
869,2020-08-30,1212.6845969111116
870,2020-09-06,1076.6463300721066
871,2020-09-13,1459.8472979454887
872,2020-09-20,1652.6547723377569
873,2020-09-27,2017.759215796839
874,2020-10-04,1973.661303914611
875,2020-10-11,1819.4392798994913
876,2020-10-18,1168.5955809375748
877,2020-10-25,1594.2254893609716
878,2020-11-01,1273.3475676436249
879,2020-11-08,1731.0324477605327
880,2020-11-15,1835.7044283323507
881,2020-11-22,1080.6551132852417
882,2020-11-29,1180.6569771725876
883,2020-12-06,1091.1302172978626
884,2020-12-13,1346.3418953528183
885,2020-12-20,947.565302841192
886,2020-12-27,1125.3148259220657
887,2021-01-03,794.6335882626095
888,2021-01-10,1737.3996947090452
889,2021-01-17,1143.169136639447
890,2021-01-24,951.2124856132448
891,2021-01-31,976.2666333258934
892,2021-02-07,689.3905527997169
893,2021-02-14,632.7958859490934
894,2021-02-21,816.2282048464232
895,2021-02-28,817.3078065321639
896,2021-03-07,641.6544957723174
897,2021-03-14,513.4239704199857
898,2021-03-21,342.81711873183434
899,2021-03-28,377.44274799634144
900,2021-04-04,335.2490347955725
901,2021-04-11,561.2953348592569
902,2021-04-18,746.578392899209
903,2021-04-25,632.7711383736257
904,2021-05-02,615.3549082673482
905,2021-05-09,546.49220612172
906,2021-05-16,571.8404461520355
907,2021-05-23,518.8835390192019
908,2021-05-30,252.3105236974546
909,2021-06-06,233.59102840556733
910,2021-06-13,479.22006767669916
911,2021-06-20,254.20533640895178
912,2021-06-27,107.61459172496599
913,2021-07-04,386.3040992033089
914,2021-07-11,514.9823224124915
915,2021-07-18,386.33499085362666
916,2021-07-25,0.0
917,2021-08-01,565.2061803597571
918,2021-08-08,1109.3674909005517
919,2021-08-15,579.4825408532697
920,2021-08-22,570.6088729399029
921,2021-08-29,545.6528538140021
922,2021-09-05,742.8377463844494
923,2021-09-12,766.6451075960917
924,2021-09-19,959.4349884430634
925,2021-09-26,865.345435729016
926,2021-10-03,1300.5505588338926
927,2021-10-10,638.8064843230748
928,2021-10-17,1177.9850757604213
929,2021-10-24,785.8603405045579
930,2021-10-31,1237.9045178208926
931,2021-11-07,585.6749181654297
932,2021-11-14,626.1627953922169
933,2021-11-21,751.1066239244517
934,2021-11-28,874.4348783594013
935,2021-12-05,1062.3625685554503
936,2021-12-12,660.0399395720174
937,2021-12-19,1129.7062202349798
938,2021-12-26,1192.7078534262507
939,2022-01-02,986.9811395020795
940,2022-01-09,1615.3422307871845
941,2022-01-16,1105.9429137206005
942,2022-01-23,991.5664478101987
943,2022-01-30,761.572177861015
944,2022-02-06,720.6981612159366
945,2022-02-13,681.8686249812733
946,2022-02-20,319.9039085592636
947,2022-02-27,741.0087393993629
948,2022-03-06,854.2129937079754
949,2022-03-13,805.9651705894676
950,2022-03-20,1003.0458985931704
951,2022-03-27,1081.1718052475442
952,2022-04-03,978.2939358868994
953,2022-04-10,982.0358194313077
954,2022-04-17,779.3492410694163
955,2022-04-24,581.5964626051879
956,2022-05-01,948.3401124502403
957,2022-05-08,885.1056336592596
958,2022-05-15,751.815806412813
959,2022-05-22,532.9673477621614
960,2022-05-29,196.38065429628168
961,2022-06-05,444.39347895603873
962,2022-06-12,441.576731552562
963,2022-06-19,584.7128227279619
964,2022-06-26,269.16514895943294
965,2022-07-03,418.10498737659253
966,2022-07-10,159.09827599978811
967,2022-07-17,377.0704139048731
968,2022-07-24,309.2641016753536
969,2022-07-31,238.1585689873899
970,2022-08-07,480.1570956576013
971,2022-08-14,136.58265131479862
972,2022-08-21,154.20547723683126
973,2022-08-28,284.33500421688643
974,2022-09-04,413.5960119105003
975,2022-09-11,276.78485766660236
976,2022-09-18,920.5651655103072
977,2022-09-25,527.4437716734744
978,2022-10-02,783.0491963764492
979,2022-10-09,1122.8375686538923
980,2022-10-16,1090.8509707540127
981,2022-10-23,1062.738443618604
982,2022-10-30,919.8038980960671
983,2022-11-06,930.14583927743
984,2022-11-13,1076.4991668434768
985,2022-11-20,2028.023721806431
986,2022-11-27,2044.3078626851725
987,2022-12-04,1311.7948482147006
988,2022-12-11,2551.4138847651475
989,2022-12-18,1968.7304072017598
990,2022-12-25,1658.8275262924642
991,2023-01-01,1060.2088289471628
992,2023-01-08,747.026196022032
993,2023-01-15,593.4096844338839
994,2023-01-22,334.1385123596281
995,2023-01-29,878.4712173415803
