,date,/m/0416v7
0,2004-01-04,0.0
1,2004-01-11,0.0
2,2004-01-18,0.0
3,2004-01-25,0.0
4,2004-02-01,0.0
5,2004-02-08,0.0
6,2004-02-15,0.0
7,2004-02-22,8423.36008394401
8,2004-02-29,0.0
9,2004-03-07,0.0
10,2004-03-14,0.0
11,2004-03-21,0.0
12,2004-03-28,0.0
13,2004-04-04,0.0
14,2004-04-11,0.0
15,2004-04-18,0.0
16,2004-04-25,0.0
17,2004-05-02,0.0
18,2004-05-09,0.0
19,2004-05-16,8887.29278006141
20,2004-05-23,0.0
21,2004-05-30,0.0
22,2004-06-06,0.0
23,2004-06-13,0.0
24,2004-06-20,15092.675009708959
25,2004-06-27,15949.61981533812
26,2004-07-04,0.0
27,2004-07-11,13828.619194125624
28,2004-07-18,0.0
29,2004-07-25,12977.992324369072
30,2004-08-01,0.0
31,2004-08-08,0.0
32,2004-08-15,0.0
33,2004-08-22,0.0
34,2004-08-29,0.0
35,2004-09-05,0.0
36,2004-09-12,0.0
37,2004-09-19,0.0
38,2004-09-26,0.0
39,2004-10-03,0.0
40,2004-10-10,11931.9263912963
41,2004-10-17,0.0
42,2004-10-24,18536.606089818575
43,2004-10-31,0.0
44,2004-11-07,0.0
45,2004-11-14,8494.9369865221
46,2004-11-21,11140.83812304412
47,2004-11-28,0.0
48,2004-12-05,0.0
49,2004-12-12,22129.216255571835
50,2004-12-19,0.0
51,2004-12-26,0.0
52,2005-01-02,0.0
53,2005-01-09,12440.98689504216
54,2005-01-16,0.0
55,2005-01-23,0.0
56,2005-01-30,17190.99732741193
57,2005-02-06,0.0
58,2005-02-13,9950.86850986801
59,2005-02-20,0.0
60,2005-02-27,0.0
61,2005-03-06,0.0
62,2005-03-13,0.0
63,2005-03-20,0.0
64,2005-03-27,0.0
65,2005-04-03,0.0
66,2005-04-10,6577.565777699103
67,2005-04-17,0.0
68,2005-04-24,0.0
69,2005-05-01,0.0
70,2005-05-08,0.0
71,2005-05-15,0.0
72,2005-05-22,0.0
73,2005-05-29,0.0
74,2005-06-05,0.0
75,2005-06-12,0.0
76,2005-06-19,0.0
77,2005-06-26,0.0
78,2005-07-03,14632.386389046862
79,2005-07-10,0.0
80,2005-07-17,0.0
81,2005-07-24,10560.572632598774
82,2005-07-31,0.0
83,2005-08-07,7641.7758209337635
84,2005-08-14,0.0
85,2005-08-21,0.0
86,2005-08-28,0.0
87,2005-09-04,0.0
88,2005-09-11,0.0
89,2005-09-18,0.0
90,2005-09-25,0.0
91,2005-10-02,8409.82642781222
92,2005-10-09,0.0
93,2005-10-16,0.0
94,2005-10-23,0.0
95,2005-10-30,7104.239143240048
96,2005-11-06,7855.85811471276
97,2005-11-13,6879.177798121807
98,2005-11-20,0.0
99,2005-11-27,0.0
100,2005-12-04,0.0
101,2005-12-11,0.0
102,2005-12-18,0.0
103,2005-12-25,0.0
104,2006-01-01,0.0
105,2006-01-08,5072.386619788401
106,2006-01-15,0.0
107,2006-01-22,0.0
108,2006-01-29,0.0
109,2006-02-05,0.0
110,2006-02-12,0.0
111,2006-02-19,0.0
112,2006-02-26,0.0
113,2006-03-05,0.0
114,2006-03-12,0.0
115,2006-03-19,0.0
116,2006-03-26,0.0
117,2006-04-02,14881.982811620757
118,2006-04-09,0.0
119,2006-04-16,0.0
120,2006-04-23,5752.032946097227
121,2006-04-30,0.0
122,2006-05-07,0.0
123,2006-05-14,0.0
124,2006-05-21,7526.556757582751
125,2006-05-28,0.0
126,2006-06-04,21791.393445037964
127,2006-06-11,9050.28838023825
128,2006-06-18,0.0
129,2006-06-25,0.0
130,2006-07-02,0.0
131,2006-07-09,0.0
132,2006-07-16,0.0
133,2006-07-23,0.0
134,2006-07-30,0.0
135,2006-08-06,0.0
136,2006-08-13,0.0
137,2006-08-20,0.0
138,2006-08-27,0.0
139,2006-09-03,11580.10879489924
140,2006-09-10,0.0
141,2006-09-17,0.0
142,2006-09-24,0.0
143,2006-10-01,0.0
144,2006-10-08,7982.776400225103
145,2006-10-15,0.0
146,2006-10-22,0.0
147,2006-10-29,7398.711726025568
148,2006-11-05,0.0
149,2006-11-12,0.0
150,2006-11-19,0.0
151,2006-11-26,19042.1654498313
152,2006-12-03,0.0
153,2006-12-10,6353.457246595091
154,2006-12-17,0.0
155,2006-12-24,0.0
156,2006-12-31,0.0
157,2007-01-07,0.0
158,2007-01-14,0.0
159,2007-01-21,8933.996441730613
160,2007-01-28,0.0
161,2007-02-04,0.0
162,2007-02-11,0.0
163,2007-02-18,0.0
164,2007-02-25,4130.482784831762
165,2007-03-04,0.0
166,2007-03-11,0.0
167,2007-03-18,9366.313945265125
168,2007-03-25,0.0
169,2007-04-01,4774.087763099847
170,2007-04-08,0.0
171,2007-04-15,0.0
172,2007-04-22,0.0
173,2007-04-29,0.0
174,2007-05-06,0.0
175,2007-05-13,0.0
176,2007-05-20,0.0
177,2007-05-27,0.0
178,2007-06-03,0.0
179,2007-06-10,0.0
180,2007-06-17,0.0
181,2007-06-24,0.0
182,2007-07-01,6864.289103512029
183,2007-07-08,0.0
184,2007-07-15,0.0
185,2007-07-22,0.0
186,2007-07-29,5388.361952770261
187,2007-08-05,5154.683980953005
188,2007-08-12,0.0
189,2007-08-19,0.0
190,2007-08-26,0.0
191,2007-09-02,0.0
192,2007-09-09,0.0
193,2007-09-16,0.0
194,2007-09-23,0.0
195,2007-09-30,0.0
196,2007-10-07,0.0
197,2007-10-14,3400.762798268562
198,2007-10-21,0.0
199,2007-10-28,4552.475292180541
200,2007-11-04,3168.729387777834
201,2007-11-11,7603.538148056647
202,2007-11-18,0.0
203,2007-11-25,0.0
204,2007-12-02,0.0
205,2007-12-09,0.0
206,2007-12-16,0.0
207,2007-12-23,4794.556545759976
208,2007-12-30,0.0
209,2008-01-06,0.0
210,2008-01-13,2831.1777333670284
211,2008-01-20,0.0
212,2008-01-27,0.0
213,2008-02-03,5605.412405901681
214,2008-02-10,0.0
215,2008-02-17,0.0
216,2008-02-24,0.0
217,2008-03-02,0.0
218,2008-03-09,0.0
219,2008-03-16,0.0
220,2008-03-23,0.0
221,2008-03-30,0.0
222,2008-04-06,5946.736730935816
223,2008-04-13,0.0
224,2008-04-20,6398.225614797089
225,2008-04-27,0.0
226,2008-05-04,0.0
227,2008-05-11,0.0
228,2008-05-18,2732.4334869088207
229,2008-05-25,0.0
230,2008-06-01,0.0
231,2008-06-08,3044.4580971904343
232,2008-06-15,0.0
233,2008-06-22,0.0
234,2008-06-29,3426.2024779628337
235,2008-07-06,0.0
236,2008-07-13,0.0
237,2008-07-20,0.0
238,2008-07-27,0.0
239,2008-08-03,3720.2719046537745
240,2008-08-10,0.0
241,2008-08-17,0.0
242,2008-08-24,0.0
243,2008-08-31,0.0
244,2008-09-07,3531.903152473159
245,2008-09-14,0.0
246,2008-09-21,4142.453975827997
247,2008-09-28,0.0
248,2008-10-05,2813.6400524250166
249,2008-10-12,3507.6241414259985
250,2008-10-19,0.0
251,2008-10-26,6777.865421981591
252,2008-11-02,0.0
253,2008-11-09,5849.154162890987
254,2008-11-16,0.0
255,2008-11-23,0.0
256,2008-11-30,0.0
257,2008-12-07,0.0
258,2008-12-14,0.0
259,2008-12-21,0.0
260,2008-12-28,0.0
261,2009-01-04,0.0
262,2009-01-11,0.0
263,2009-01-18,0.0
264,2009-01-25,0.0
265,2009-02-01,0.0
266,2009-02-08,7387.029407267202
267,2009-02-15,0.0
268,2009-02-22,0.0
269,2009-03-01,0.0
270,2009-03-08,2409.7218705427495
271,2009-03-15,0.0
272,2009-03-22,0.0
273,2009-03-29,0.0
274,2009-04-05,0.0
275,2009-04-12,0.0
276,2009-04-19,0.0
277,2009-04-26,2767.846818789947
278,2009-05-03,0.0
279,2009-05-10,0.0
280,2009-05-17,0.0
281,2009-05-24,0.0
282,2009-05-31,0.0
283,2009-06-07,4698.079715632636
284,2009-06-14,0.0
285,2009-06-21,0.0
286,2009-06-28,0.0
287,2009-07-05,0.0
288,2009-07-12,0.0
289,2009-07-19,0.0
290,2009-07-26,0.0
291,2009-08-02,5605.251786914238
292,2009-08-09,0.0
293,2009-08-16,5680.653973409241
294,2009-08-23,0.0
295,2009-08-30,0.0
296,2009-09-06,6169.321567323837
297,2009-09-13,0.0
298,2009-09-20,6323.2797639882565
299,2009-09-27,0.0
300,2009-10-04,7762.793171277771
301,2009-10-11,12168.097789703523
302,2009-10-18,2207.434202237029
303,2009-10-25,9451.185713438621
304,2009-11-01,3879.1345768350284
305,2009-11-08,0.0
306,2009-11-15,6910.679858189191
307,2009-11-22,3647.3371997963263
308,2009-11-29,5761.5638680736865
309,2009-12-06,0.0
310,2009-12-13,0.0
311,2009-12-20,0.0
312,2009-12-27,3260.8445096629434
313,2010-01-03,0.0
314,2010-01-10,0.0
315,2010-01-17,0.0
316,2010-01-24,0.0
317,2010-01-31,0.0
318,2010-02-07,0.0
319,2010-02-14,2682.989160451724
320,2010-02-21,0.0
321,2010-02-28,0.0
322,2010-03-07,0.0
323,2010-03-14,0.0
324,2010-03-21,0.0
325,2010-03-28,0.0
326,2010-04-04,0.0
327,2010-04-11,0.0
328,2010-04-18,0.0
329,2010-04-25,0.0
330,2010-05-02,6014.586270059145
331,2010-05-09,0.0
332,2010-05-16,0.0
333,2010-05-23,0.0
334,2010-05-30,0.0
335,2010-06-06,0.0
336,2010-06-13,0.0
337,2010-06-20,0.0
338,2010-06-27,0.0
339,2010-07-04,0.0
340,2010-07-11,2163.80194207023
341,2010-07-18,0.0
342,2010-07-25,0.0
343,2010-08-01,0.0
344,2010-08-08,0.0
345,2010-08-15,0.0
346,2010-08-22,3362.3294436783826
347,2010-08-29,3916.308315729103
348,2010-09-05,0.0
349,2010-09-12,2767.8722754500654
350,2010-09-19,0.0
351,2010-09-26,0.0
352,2010-10-03,0.0
353,2010-10-10,6361.817230220434
354,2010-10-17,2104.9092184640513
355,2010-10-24,0.0
356,2010-10-31,0.0
357,2010-11-07,2821.0993293660895
358,2010-11-14,2663.195928751246
359,2010-11-21,0.0
360,2010-11-28,0.0
361,2010-12-05,0.0
362,2010-12-12,6225.16497469746
363,2010-12-19,0.0
364,2010-12-26,0.0
365,2011-01-02,0.0
366,2011-01-09,0.0
367,2011-01-16,0.0
368,2011-01-23,1263.618065759926
369,2011-01-30,1156.683492812677
370,2011-02-06,0.0
371,2011-02-13,0.0
372,2011-02-20,0.0
373,2011-02-27,0.0
374,2011-03-06,0.0
375,2011-03-13,1760.0081341256766
376,2011-03-20,0.0
377,2011-03-27,0.0
378,2011-04-03,0.0
379,2011-04-10,0.0
380,2011-04-17,695.4256632819087
381,2011-04-24,3061.869695945014
382,2011-05-01,0.0
383,2011-05-08,0.0
384,2011-05-15,0.0
385,2011-05-22,0.0
386,2011-05-29,0.0
387,2011-06-05,0.0
388,2011-06-12,0.0
389,2011-06-19,0.0
390,2011-06-26,990.1360628176677
391,2011-07-03,0.0
392,2011-07-10,0.0
393,2011-07-17,965.2500895587551
394,2011-07-24,0.0
395,2011-07-31,0.0
396,2011-08-07,0.0
397,2011-08-14,0.0
398,2011-08-21,1202.1577381930706
399,2011-08-28,0.0
400,2011-09-04,0.0
401,2011-09-11,1447.3520863427973
402,2011-09-18,2131.787458810582
403,2011-09-25,2922.273007295329
404,2011-10-02,2718.727458666431
405,2011-10-09,2415.8990042572145
406,2011-10-16,0.0
407,2011-10-23,5124.664859177814
408,2011-10-30,1653.9271405806298
409,2011-11-06,999.8756006388
410,2011-11-13,1026.4085771215823
411,2011-11-20,0.0
412,2011-11-27,703.5162326752098
413,2011-12-04,0.0
414,2011-12-11,1323.5192538914675
415,2011-12-18,0.0
416,2011-12-25,0.0
417,2012-01-01,0.0
418,2012-01-08,818.499818168401
419,2012-01-15,0.0
420,2012-01-22,0.0
421,2012-01-29,785.7087397457691
422,2012-02-05,611.4605763693743
423,2012-02-12,0.0
424,2012-02-19,0.0
425,2012-02-26,0.0
426,2012-03-04,772.6357954694724
427,2012-03-11,0.0
428,2012-03-18,0.0
429,2012-03-25,0.0
430,2012-04-01,626.3204968041197
431,2012-04-08,0.0
432,2012-04-15,0.0
433,2012-04-22,871.8286195909203
434,2012-04-29,0.0
435,2012-05-06,0.0
436,2012-05-13,0.0
437,2012-05-20,0.0
438,2012-05-27,0.0
439,2012-06-03,0.0
440,2012-06-10,0.0
441,2012-06-17,0.0
442,2012-06-24,0.0
443,2012-07-01,0.0
444,2012-07-08,0.0
445,2012-07-15,670.1348539744934
446,2012-07-22,0.0
447,2012-07-29,848.6758962774957
448,2012-08-05,535.0797469080574
449,2012-08-12,0.0
450,2012-08-19,1105.1236275177014
451,2012-08-26,1556.4826009184212
452,2012-09-02,1120.8255030528758
453,2012-09-09,1326.4509181990236
454,2012-09-16,1353.239000667941
455,2012-09-23,2334.1423035999296
456,2012-09-30,2334.011661039504
457,2012-10-07,2459.778306491203
458,2012-10-14,2201.080312313539
459,2012-10-21,783.0646297767455
460,2012-10-28,0.0
461,2012-11-04,699.3525829484404
462,2012-11-11,504.97566580930703
463,2012-11-18,0.0
464,2012-11-25,0.0
465,2012-12-02,841.3535524165592
466,2012-12-09,0.0
467,2012-12-16,980.5091265534467
468,2012-12-23,0.0
469,2012-12-30,781.3641163706826
470,2013-01-06,5024.758708139043
471,2013-01-13,3403.4300093285256
472,2013-01-20,1552.3511631075341
473,2013-01-27,464.97217882739005
474,2013-02-03,0.0
475,2013-02-10,0.0
476,2013-02-17,0.0
477,2013-02-24,0.0
478,2013-03-03,0.0
479,2013-03-10,0.0
480,2013-03-17,0.0
481,2013-03-24,0.0
482,2013-03-31,0.0
483,2013-04-07,823.2478892617207
484,2013-04-14,1730.1865972433782
485,2013-04-21,0.0
486,2013-04-28,0.0
487,2013-05-05,796.7608377194813
488,2013-05-12,0.0
489,2013-05-19,522.900168780244
490,2013-05-26,0.0
491,2013-06-02,0.0
492,2013-06-09,797.8434988792479
493,2013-06-16,0.0
494,2013-06-23,0.0
495,2013-06-30,0.0
496,2013-07-07,1100.6623454466808
497,2013-07-14,0.0
498,2013-07-21,0.0
499,2013-07-28,0.0
500,2013-08-04,0.0
501,2013-08-11,0.0
502,2013-08-18,0.0
503,2013-08-25,0.0
504,2013-09-01,0.0
505,2013-09-08,2866.842595039176
506,2013-09-15,827.4029854399015
507,2013-09-22,1924.1944558979942
508,2013-09-29,1694.5722585108274
509,2013-10-06,2486.786353535725
510,2013-10-13,2390.9592548651003
511,2013-10-20,1316.0739815624406
512,2013-10-27,937.2955217070281
513,2013-11-03,1887.6132260065888
514,2013-11-10,1335.2505404056446
515,2013-11-17,1291.7373870918702
516,2013-11-24,1593.8827388156037
517,2013-12-01,0.0
518,2013-12-08,473.20331971689706
519,2013-12-15,655.3228909758802
520,2013-12-22,0.0
521,2013-12-29,894.5269510632262
522,2014-01-05,1588.8263855758014
523,2014-01-12,1195.9955152660593
524,2014-01-19,505.2629492357938
525,2014-01-26,879.7017270761938
526,2014-02-02,736.4159469021754
527,2014-02-09,721.7049028100561
528,2014-02-16,0.0
529,2014-02-23,0.0
530,2014-03-02,0.0
531,2014-03-09,0.0
532,2014-03-16,406.23559343577875
533,2014-03-23,0.0
534,2014-03-30,0.0
535,2014-04-06,1194.212677202921
536,2014-04-13,0.0
537,2014-04-20,0.0
538,2014-04-27,0.0
539,2014-05-04,0.0
540,2014-05-11,0.0
541,2014-05-18,0.0
542,2014-05-25,0.0
543,2014-06-01,0.0
544,2014-06-08,0.0
545,2014-06-15,0.0
546,2014-06-22,0.0
547,2014-06-29,0.0
548,2014-07-06,0.0
549,2014-07-13,0.0
550,2014-07-20,0.0
551,2014-07-27,2515.2193215727348
552,2014-08-03,0.0
553,2014-08-10,680.306831244697
554,2014-08-17,855.4504822789945
555,2014-08-24,0.0
556,2014-08-31,0.0
557,2014-09-07,1302.8072443428687
558,2014-09-14,2002.5834439609216
559,2014-09-21,2312.987380618824
560,2014-09-28,2259.2444901631375
561,2014-10-05,3293.925448328901
562,2014-10-12,3996.725440821494
563,2014-10-19,3624.4453503396257
564,2014-10-26,2171.6020003864264
565,2014-11-02,2109.046436031949
566,2014-11-09,1385.1237949526862
567,2014-11-16,0.0
568,2014-11-23,0.0
569,2014-11-30,486.5423463682352
570,2014-12-07,543.3394234072066
571,2014-12-14,680.1945302578782
572,2014-12-21,0.0
573,2014-12-28,0.0
574,2015-01-04,2130.710328724438
575,2015-01-11,973.8307646701251
576,2015-01-18,1378.2599919639215
577,2015-01-25,0.0
578,2015-02-01,0.0
579,2015-02-08,0.0
580,2015-02-15,0.0
581,2015-02-22,0.0
582,2015-03-01,0.0
583,2015-03-08,0.0
584,2015-03-15,453.6193869537091
585,2015-03-22,0.0
586,2015-03-29,0.0
587,2015-04-05,0.0
588,2015-04-12,0.0
589,2015-04-19,0.0
590,2015-04-26,541.0533534679555
591,2015-05-03,0.0
592,2015-05-10,1222.0349235564022
593,2015-05-17,0.0
594,2015-05-24,0.0
595,2015-05-31,0.0
596,2015-06-07,0.0
597,2015-06-14,0.0
598,2015-06-21,0.0
599,2015-06-28,0.0
600,2015-07-05,1471.8889333815857
601,2015-07-12,0.0
602,2015-07-19,0.0
603,2015-07-26,495.2682579787394
604,2015-08-02,0.0
605,2015-08-09,956.5215590545091
606,2015-08-16,1115.2472396870899
607,2015-08-23,0.0
608,2015-08-30,695.6782187804008
609,2015-09-06,1129.1200111426638
610,2015-09-13,1994.597588179335
611,2015-09-20,1834.116492271781
612,2015-09-27,2077.386237831254
613,2015-10-04,3536.8229852598743
614,2015-10-11,2000.3922812717008
615,2015-10-18,2465.909945449415
616,2015-10-25,2998.148552613967
617,2015-11-01,2532.424878077125
618,2015-11-08,1089.3472940491288
619,2015-11-15,1062.4807554677088
620,2015-11-22,1164.4109183613332
621,2015-11-29,0.0
622,2015-12-06,0.0
623,2015-12-13,0.0
624,2015-12-20,401.46728239357947
625,2015-12-27,0.0
626,2016-01-03,467.6027698234873
627,2016-01-10,0.0
628,2016-01-17,0.0
629,2016-01-24,0.0
630,2016-01-31,341.1966681834347
631,2016-02-07,0.0
632,2016-02-14,408.13831623368947
633,2016-02-21,0.0
634,2016-02-28,0.0
635,2016-03-06,379.74425391157865
636,2016-03-13,0.0
637,2016-03-20,0.0
638,2016-03-27,0.0
639,2016-04-03,2375.6834919998164
640,2016-04-10,854.2418031421408
641,2016-04-17,1369.7097904232505
642,2016-04-24,0.0
643,2016-05-01,0.0
644,2016-05-08,0.0
645,2016-05-15,328.06348978724014
646,2016-05-22,0.0
647,2016-05-29,0.0
648,2016-06-05,0.0
649,2016-06-12,0.0
650,2016-06-19,0.0
651,2016-06-26,0.0
652,2016-07-03,805.8235139966791
653,2016-07-10,0.0
654,2016-07-17,0.0
655,2016-07-24,0.0
656,2016-07-31,0.0
657,2016-08-07,805.4814117880712
658,2016-08-14,0.0
659,2016-08-21,446.8573949976831
660,2016-08-28,417.9729822357569
661,2016-09-04,524.8074064637758
662,2016-09-11,1376.1931367365255
663,2016-09-18,1398.6067912393655
664,2016-09-25,398.0100318025448
665,2016-10-02,3560.8108332590978
666,2016-10-09,2380.4998845332343
667,2016-10-16,1078.6392260959883
668,2016-10-23,1790.665125016665
669,2016-10-30,2765.8362756515717
670,2016-11-06,1341.2413808332954
671,2016-11-13,1060.0051870985944
672,2016-11-20,725.8366888435261
673,2016-11-27,921.3477710456461
674,2016-12-04,0.0
675,2016-12-11,0.0
676,2016-12-18,643.6280216130504
677,2016-12-25,329.4267201921251
678,2017-01-01,587.6524586612759
679,2017-01-08,341.21666602292083
680,2017-01-15,0.0
681,2017-01-22,550.3313782212589
682,2017-01-29,0.0
683,2017-02-05,0.0
684,2017-02-12,543.8888041621893
685,2017-02-19,1583.3348383362547
686,2017-02-26,0.0
687,2017-03-05,287.5090487467267
688,2017-03-12,0.0
689,2017-03-19,0.0
690,2017-03-26,0.0
691,2017-04-02,859.0751894194269
692,2017-04-09,0.0
693,2017-04-16,484.3039588805987
694,2017-04-23,342.29394489651827
695,2017-04-30,0.0
696,2017-05-07,0.0
697,2017-05-14,0.0
698,2017-05-21,0.0
699,2017-05-28,0.0
700,2017-06-04,0.0
701,2017-06-11,0.0
702,2017-06-18,0.0
703,2017-06-25,0.0
704,2017-07-02,0.0
705,2017-07-09,0.0
706,2017-07-16,561.4810790844559
707,2017-07-23,0.0
708,2017-07-30,0.0
709,2017-08-06,0.0
710,2017-08-13,0.0
711,2017-08-20,0.0
712,2017-08-27,873.8933194006277
713,2017-09-03,0.0
714,2017-09-10,1772.1790812740649
715,2017-09-17,2532.4143366662875
716,2017-09-24,1908.0687008646373
717,2017-10-01,1682.4231441256563
718,2017-10-08,2332.454696335026
719,2017-10-15,1792.3128775029265
720,2017-10-22,2257.5242900599524
721,2017-10-29,2573.0156278044947
722,2017-11-05,1357.2776536011556
723,2017-11-12,1021.6704919190577
724,2017-11-19,1069.40296506483
725,2017-11-26,636.2721924455442
726,2017-12-03,0.0
727,2017-12-10,1127.8274142588607
728,2017-12-17,676.7644279786492
729,2017-12-24,870.2075083365112
730,2017-12-31,0.0
731,2018-01-07,1340.282238189613
732,2018-01-14,1467.3945570863107
733,2018-01-21,2738.8239562744034
734,2018-01-28,2128.304699168458
735,2018-02-04,1435.487539238881
736,2018-02-11,1529.1174854076773
737,2018-02-18,0.0
738,2018-02-25,0.0
739,2018-03-04,356.90245571434093
740,2018-03-11,797.9524733701554
741,2018-03-18,664.2410282337689
742,2018-03-25,0.0
743,2018-04-01,0.0
744,2018-04-08,0.0
745,2018-04-15,0.0
746,2018-04-22,0.0
747,2018-04-29,830.1599284183305
748,2018-05-06,0.0
749,2018-05-13,0.0
750,2018-05-20,0.0
751,2018-05-27,0.0
752,2018-06-03,0.0
753,2018-06-10,0.0
754,2018-06-17,0.0
755,2018-06-24,877.373212391607
756,2018-07-01,0.0
757,2018-07-08,0.0
758,2018-07-15,1211.0243089177543
759,2018-07-22,0.0
760,2018-07-29,0.0
761,2018-08-05,0.0
762,2018-08-12,0.0
763,2018-08-19,315.336022341561
764,2018-08-26,1130.4241535941592
765,2018-09-02,1560.9553670353423
766,2018-09-09,1395.856963431285
767,2018-09-16,1575.744492482214
768,2018-09-23,2502.8732682773857
769,2018-09-30,3579.5807010475805
770,2018-10-07,4171.9094557938315
771,2018-10-14,3767.281785944579
772,2018-10-21,2797.1464018236593
773,2018-10-28,2275.18774470878
774,2018-11-04,2119.976468550179
775,2018-11-11,1339.7000520157223
776,2018-11-18,1108.6551612066967
777,2018-11-25,1363.4506402294749
778,2018-12-02,684.7437197637594
779,2018-12-09,774.0826354050969
780,2018-12-16,429.9040811010143
781,2018-12-23,697.2135661875315
782,2018-12-30,668.304727993021
783,2019-01-06,439.1908108394873
784,2019-01-13,1484.3901967928061
785,2019-01-20,649.2777325044129
786,2019-01-27,604.2583555582689
787,2019-02-03,0.0
788,2019-02-10,905.6367648525253
789,2019-02-17,562.4074869567617
790,2019-02-24,429.24028807593277
791,2019-03-03,326.7252756813069
792,2019-03-10,0.0
793,2019-03-17,326.52781631685866
794,2019-03-24,574.5013525784295
795,2019-03-31,0.0
796,2019-04-07,493.71244059670624
797,2019-04-14,517.4705567147636
798,2019-04-21,370.80409907147083
799,2019-04-28,0.0
800,2019-05-05,0.0
801,2019-05-12,0.0
802,2019-05-19,0.0
803,2019-05-26,0.0
804,2019-06-02,479.8544723462352
805,2019-06-09,0.0
806,2019-06-16,0.0
807,2019-06-23,937.8944958599932
808,2019-06-30,0.0
809,2019-07-07,0.0
810,2019-07-14,0.0
811,2019-07-21,0.0
812,2019-07-28,0.0
813,2019-08-04,0.0
814,2019-08-11,474.247262631499
815,2019-08-18,688.352696770862
816,2019-08-25,673.3832888081986
817,2019-09-01,235.5086031158286
818,2019-09-08,251.03456802052517
819,2019-09-15,1508.6978590737895
820,2019-09-22,2342.287967123305
821,2019-09-29,2638.354700762843
822,2019-10-06,3406.5731050691757
823,2019-10-13,3331.3379502700104
824,2019-10-20,3248.8034081407645
825,2019-10-27,2193.854519482792
826,2019-11-03,2339.181176663288
827,2019-11-10,1276.6374854612984
828,2019-11-17,1110.2037103542855
829,2019-11-24,1379.5866813130783
830,2019-12-01,1234.8606450401803
831,2019-12-08,1150.66308412808
832,2019-12-15,581.8830421627309
833,2019-12-22,621.8156537834075
834,2019-12-29,364.23377301251554
835,2020-01-05,994.1005285477453
836,2020-01-12,1152.475616182834
837,2020-01-19,918.0768685567182
838,2020-01-26,1426.3429905340092
839,2020-02-02,0.0
840,2020-02-09,1274.8031344005656
841,2020-02-16,790.8232445247861
842,2020-02-23,714.3630491388531
843,2020-03-01,1052.1289778680057
844,2020-03-08,695.1402275787099
845,2020-03-15,2489.6233449682936
846,2020-03-22,674.8428380373609
847,2020-03-29,418.8453062908393
848,2020-04-05,0.0
849,2020-04-12,455.0518147439154
850,2020-04-19,343.13046359961925
851,2020-04-26,400.1895676789633
852,2020-05-03,756.7191762544896
853,2020-05-10,0.0
854,2020-05-17,425.63755340854993
855,2020-05-24,394.43638064913023
856,2020-05-31,558.3194533811703
857,2020-06-07,0.0
858,2020-06-14,440.443504374695
859,2020-06-21,0.0
860,2020-06-28,351.1502192717081
861,2020-07-05,537.2651624531658
862,2020-07-12,337.2523135882484
863,2020-07-19,429.26111986362656
864,2020-07-26,0.0
865,2020-08-02,889.6255034535139
866,2020-08-09,987.1550150808011
867,2020-08-16,751.2201980819458
868,2020-08-23,717.3847494372224
869,2020-08-30,1175.182352062883
870,2020-09-06,2545.1876787611222
871,2020-09-13,2444.11262705244
872,2020-09-20,2935.871313828481
873,2020-09-27,3755.5220429284145
874,2020-10-04,3046.8728003034134
875,2020-10-11,3911.680652539773
876,2020-10-18,4017.6018663145537
877,2020-10-25,3047.9398464499036
878,2020-11-01,1852.4087045063854
879,2020-11-08,1027.6072776189792
880,2020-11-15,1183.802806260723
881,2020-11-22,958.4063651094916
882,2020-11-29,823.2908215362539
883,2020-12-06,2052.539973483171
884,2020-12-13,1541.7341104012814
885,2020-12-20,753.4250882055537
886,2020-12-27,598.6779172404555
887,2021-01-03,406.87084977122095
888,2021-01-10,477.6220518425031
889,2021-01-17,261.27731831093115
890,2021-01-24,802.6011097160383
891,2021-01-31,0.0
892,2021-02-07,491.9412645190665
893,2021-02-14,777.1003466789391
894,2021-02-21,254.77169754675154
895,2021-02-28,0.0
896,2021-03-07,257.57380083361966
897,2021-03-14,786.747884147256
898,2021-03-21,649.5727291323426
899,2021-03-28,813.0465281125619
900,2021-04-04,0.0
901,2021-04-11,1169.963558534481
902,2021-04-18,1034.6801186314444
903,2021-04-25,0.0
904,2021-05-02,296.9023613994779
905,2021-05-09,0.0
906,2021-05-16,0.0
907,2021-05-23,0.0
908,2021-05-30,0.0
909,2021-06-06,0.0
910,2021-06-13,0.0
911,2021-06-20,0.0
912,2021-06-27,295.9371413804835
913,2021-07-04,0.0
914,2021-07-11,0.0
915,2021-07-18,417.66236535352596
916,2021-07-25,551.9906839518144
917,2021-08-01,437.5499858438106
918,2021-08-08,0.0
919,2021-08-15,537.0805213010891
920,2021-08-22,1111.5729607098797
921,2021-08-29,772.398342793613
922,2021-09-05,1408.2163394468994
923,2021-09-12,1154.8218837341008
924,2021-09-19,2583.434495007478
925,2021-09-26,1614.0005838056863
926,2021-10-03,2351.6217858048285
927,2021-10-10,3571.102087894556
928,2021-10-17,3621.753161527105
929,2021-10-24,1912.5123052863476
930,2021-10-31,2304.877981244842
931,2021-11-07,1795.900970140444
932,2021-11-14,1741.6612380266329
933,2021-11-21,1511.5983715830012
934,2021-11-28,521.8984694173271
935,2021-12-05,1317.1184394328154
936,2021-12-12,1548.0426878474907
937,2021-12-19,998.7466761604253
938,2021-12-26,660.6702088686721
939,2022-01-02,925.3560916580791
940,2022-01-09,717.1454706342469
941,2022-01-16,382.0334572131431
942,2022-01-23,0.0
943,2022-01-30,550.4620235793345
944,2022-02-06,0.0
945,2022-02-13,561.987444865625
946,2022-02-20,335.79190649049997
947,2022-02-27,273.02364711161823
948,2022-03-06,291.3301954091021
949,2022-03-13,325.04224213818884
950,2022-03-20,214.51825434036985
951,2022-03-27,253.50121131105794
952,2022-04-03,0.0
953,2022-04-10,224.69020911265585
954,2022-04-17,235.60869681842857
955,2022-04-24,172.22046429326915
956,2022-05-01,272.63766291003975
957,2022-05-08,289.85373149765235
958,2022-05-15,0.0
959,2022-05-22,294.3805187764975
960,2022-05-29,0.0
961,2022-06-05,0.0
962,2022-06-12,702.442227871343
963,2022-06-19,0.0
964,2022-06-26,0.0
965,2022-07-03,0.0
966,2022-07-10,279.98302319303247
967,2022-07-17,246.6202650009063
968,2022-07-24,0.0
969,2022-07-31,0.0
970,2022-08-07,0.0
971,2022-08-14,0.0
972,2022-08-21,0.0
973,2022-08-28,459.28899869382604
974,2022-09-04,802.3322477069805
975,2022-09-11,929.0209450246252
976,2022-09-18,1369.536401188252
977,2022-09-25,1042.3339599857995
978,2022-10-02,2518.799573478783
979,2022-10-09,1856.548106072262
980,2022-10-16,3325.0537884654395
981,2022-10-23,3104.4356683487717
982,2022-10-30,2262.501717982926
983,2022-11-06,3091.9360221944667
984,2022-11-13,3224.446499214812
985,2022-11-20,1485.4979486665925
986,2022-11-27,1427.4140931064123
987,2022-12-04,1774.4270010901864
988,2022-12-11,1949.088088568701
989,2022-12-18,838.0217494111035
990,2022-12-25,527.0250032574571
991,2023-01-01,362.62784663466044
992,2023-01-08,411.356322982137
993,2023-01-15,0.0
994,2023-01-22,244.85911224427778
995,2023-01-29,0.0
