,date,cold or flu
0,2004-01-04,29.620829938832994
1,2004-01-11,0.0
2,2004-01-18,0.0
3,2004-01-25,30.36009004489481
4,2004-02-01,0.0
5,2004-02-08,0.0
6,2004-02-15,0.0
7,2004-02-22,0.0
8,2004-02-29,0.0
9,2004-03-07,0.0
10,2004-03-14,0.0
11,2004-03-21,174.5987027578105
12,2004-03-28,0.0
13,2004-04-04,0.0
14,2004-04-11,0.0
15,2004-04-18,18.06889210045478
16,2004-04-25,0.0
17,2004-05-02,0.0
18,2004-05-09,0.0
19,2004-05-16,0.0
20,2004-05-23,0.0
21,2004-05-30,0.0
22,2004-06-06,0.0
23,2004-06-13,0.0
24,2004-06-20,0.0
25,2004-06-27,0.0
26,2004-07-04,0.0
27,2004-07-11,0.0
28,2004-07-18,0.0
29,2004-07-25,22.703572928506944
30,2004-08-01,0.0
31,2004-08-08,0.0
32,2004-08-15,27.273121896481964
33,2004-08-22,0.0
34,2004-08-29,0.0
35,2004-09-05,56.14025254111089
36,2004-09-12,42.911886857243
37,2004-09-19,0.0
38,2004-09-26,45.861692347979016
39,2004-10-03,0.0
40,2004-10-10,0.0
41,2004-10-17,17.039058859827698
42,2004-10-24,0.0
43,2004-10-31,32.1303392802834
44,2004-11-07,0.0
45,2004-11-14,0.0
46,2004-11-21,0.0
47,2004-11-28,0.0
48,2004-12-05,0.0
49,2004-12-12,0.0
50,2004-12-19,45.92481644230395
51,2004-12-26,116.65034449624059
52,2005-01-02,14.079043805907222
53,2005-01-09,0.0
54,2005-01-16,83.7060910339867
55,2005-01-23,0.0
56,2005-01-30,41.14290965352173
57,2005-02-06,17.76975191935437
58,2005-02-13,23.667224350739684
59,2005-02-20,19.148800161659302
60,2005-02-27,0.0
61,2005-03-06,20.153801926558046
62,2005-03-13,28.04598665070565
63,2005-03-20,0.0
64,2005-03-27,0.0
65,2005-04-03,0.0
66,2005-04-10,0.0
67,2005-04-17,0.0
68,2005-04-24,27.682759396842474
69,2005-05-01,14.883902090160097
70,2005-05-08,0.0
71,2005-05-15,26.436616179545194
72,2005-05-22,0.0
73,2005-05-29,0.0
74,2005-06-05,25.816021673094525
75,2005-06-12,0.0
76,2005-06-19,0.0
77,2005-06-26,0.0
78,2005-07-03,0.0
79,2005-07-10,0.0
80,2005-07-17,0.0
81,2005-07-24,0.0
82,2005-07-31,0.0
83,2005-08-07,0.0
84,2005-08-14,25.668785563461377
85,2005-08-21,0.0
86,2005-08-28,0.0
87,2005-09-04,19.671410251274974
88,2005-09-11,0.0
89,2005-09-18,18.698714861693617
90,2005-09-25,0.0
91,2005-10-02,11.145196686232508
92,2005-10-09,0.0
93,2005-10-16,0.0
94,2005-10-23,0.0
95,2005-10-30,17.94079798594532
96,2005-11-06,0.0
97,2005-11-13,0.0
98,2005-11-20,0.0
99,2005-11-27,0.0
100,2005-12-04,18.14586437075435
101,2005-12-11,17.32290480769728
102,2005-12-18,15.649384436050084
103,2005-12-25,15.821866603359478
104,2006-01-01,16.655128473726844
105,2006-01-08,0.0
106,2006-01-15,23.04499474619632
107,2006-01-22,30.327072030824663
108,2006-01-29,0.0
109,2006-02-05,0.0
110,2006-02-12,19.195786016420954
111,2006-02-19,17.006285011781678
112,2006-02-26,0.0
113,2006-03-05,15.189063913252587
114,2006-03-12,0.0
115,2006-03-19,21.70944343301295
116,2006-03-26,0.0
117,2006-04-02,0.0
118,2006-04-09,0.0
119,2006-04-16,0.0
120,2006-04-23,0.0
121,2006-04-30,0.0
122,2006-05-07,0.0
123,2006-05-14,0.0
124,2006-05-21,0.0
125,2006-05-28,17.703534564240968
126,2006-06-04,0.0
127,2006-06-11,0.0
128,2006-06-18,10.424595350246243
129,2006-06-25,0.0
130,2006-07-02,24.987898186577574
131,2006-07-09,0.0
132,2006-07-16,0.0
133,2006-07-23,0.0
134,2006-07-30,0.0
135,2006-08-06,0.0
136,2006-08-13,0.0
137,2006-08-20,9.69485134759767
138,2006-08-27,0.0
139,2006-09-03,0.0
140,2006-09-10,0.0
141,2006-09-17,0.0
142,2006-09-24,0.0
143,2006-10-01,0.0
144,2006-10-08,13.838809466025351
145,2006-10-15,7.620756225435754
146,2006-10-22,12.09497102035309
147,2006-10-29,0.0
148,2006-11-05,0.0
149,2006-11-12,8.277263923320758
150,2006-11-19,0.0
151,2006-11-26,30.25993861256493
152,2006-12-03,0.0
153,2006-12-10,12.649476032903516
154,2006-12-17,0.0
155,2006-12-24,21.932002223508373
156,2006-12-31,0.0
157,2007-01-07,6.837761224805681
158,2007-01-14,19.76479550627463
159,2007-01-21,0.0
160,2007-01-28,19.485435961156607
161,2007-02-04,0.0
162,2007-02-11,10.663691545344971
163,2007-02-18,0.0
164,2007-02-25,10.088418781813223
165,2007-03-04,0.0
166,2007-03-11,11.950761218174641
167,2007-03-18,0.0
168,2007-03-25,13.352014949547943
169,2007-04-01,10.234716292656831
170,2007-04-08,0.0
171,2007-04-15,0.0
172,2007-04-22,18.364317867936677
173,2007-04-29,0.0
174,2007-05-06,0.0
175,2007-05-13,0.0
176,2007-05-20,0.0
177,2007-05-27,0.0
178,2007-06-03,11.901271289816673
179,2007-06-10,0.0
180,2007-06-17,0.0
181,2007-06-24,12.785191726574691
182,2007-07-01,0.0
183,2007-07-08,14.096682968412207
184,2007-07-15,9.665741209710518
185,2007-07-22,0.0
186,2007-07-29,0.0
187,2007-08-05,13.447098284262646
188,2007-08-12,0.0
189,2007-08-19,0.0
190,2007-08-26,0.0
191,2007-09-02,9.685657005001293
192,2007-09-09,8.636206371724697
193,2007-09-16,0.0
194,2007-09-23,0.0
195,2007-09-30,17.63014887709147
196,2007-10-07,10.739182959403871
197,2007-10-14,6.331210132558441
198,2007-10-21,0.0
199,2007-10-28,8.305364748817254
200,2007-11-04,8.537809151523119
201,2007-11-11,11.973344932507453
202,2007-11-18,17.989148637081918
203,2007-11-25,11.950710131707664
204,2007-12-02,8.832121572692346
205,2007-12-09,6.157521991717578
206,2007-12-16,6.405421113552269
207,2007-12-23,31.838745185131668
208,2007-12-30,10.766251145321716
209,2008-01-06,20.326780040293954
210,2008-01-13,16.033039433290877
211,2008-01-20,18.671442513264886
212,2008-01-27,25.890327953514795
213,2008-02-03,24.443544228356878
214,2008-02-10,22.282903068332907
215,2008-02-17,21.076975389256045
216,2008-02-24,20.158030754969523
217,2008-03-02,20.853544570599446
218,2008-03-09,19.850148264201696
219,2008-03-16,17.988952938219022
220,2008-03-23,30.266412885035354
221,2008-03-30,0.0
222,2008-04-06,0.0
223,2008-04-13,7.189206860797065
224,2008-04-20,0.0
225,2008-04-27,0.0
226,2008-05-04,0.0
227,2008-05-11,7.95205158573232
228,2008-05-18,0.0
229,2008-05-25,5.323284791471837
230,2008-06-01,7.762114774966642
231,2008-06-08,11.753375389378393
232,2008-06-15,0.0
233,2008-06-22,0.0
234,2008-06-29,8.235514801114451
235,2008-07-06,0.0
236,2008-07-13,0.0
237,2008-07-20,0.0
238,2008-07-27,0.0
239,2008-08-03,6.094407217373597
240,2008-08-10,0.0
241,2008-08-17,0.0
242,2008-08-24,9.074579953365324
243,2008-08-31,7.644095450752388
244,2008-09-07,0.0
245,2008-09-14,4.7065392090645535
246,2008-09-21,7.064511489800198
247,2008-09-28,8.284970964668675
248,2008-10-05,10.082774216101052
249,2008-10-12,15.866992001923244
250,2008-10-19,0.0
251,2008-10-26,7.429883285676661
252,2008-11-02,12.194754381765096
253,2008-11-09,5.259070573663359
254,2008-11-16,8.291529685815599
255,2008-11-23,0.0
256,2008-11-30,13.242675615732406
257,2008-12-07,5.700858630108725
258,2008-12-14,16.979293441455923
259,2008-12-21,7.110678397651505
260,2008-12-28,24.240770933308504
261,2009-01-04,0.0
262,2009-01-11,17.146106247864868
263,2009-01-18,8.414315558638075
264,2009-01-25,10.797906495319632
265,2009-02-01,15.589606885335165
266,2009-02-08,18.656566292680992
267,2009-02-15,12.95026101254233
268,2009-02-22,14.36207590970404
269,2009-03-01,0.0
270,2009-03-08,15.10718752708278
271,2009-03-15,12.063569686965243
272,2009-03-22,0.0
273,2009-03-29,0.0
274,2009-04-05,5.787675479206994
275,2009-04-12,0.0
276,2009-04-19,0.0
277,2009-04-26,26.30744017634401
278,2009-05-03,19.07514144607545
279,2009-05-10,6.583566088547875
280,2009-05-17,14.147970707101335
281,2009-05-24,22.941198116193622
282,2009-05-31,4.884511333592399
283,2009-06-07,0.0
284,2009-06-14,10.520395546345398
285,2009-06-21,5.772343334803241
286,2009-06-28,16.174640114621756
287,2009-07-05,0.0
288,2009-07-12,0.0
289,2009-07-19,0.0
290,2009-07-26,7.507232697077168
291,2009-08-02,0.0
292,2009-08-09,0.0
293,2009-08-16,0.0
294,2009-08-23,9.738350959475545
295,2009-08-30,21.491676699905305
296,2009-09-06,11.273423091817087
297,2009-09-13,0.0
298,2009-09-20,29.54130566207446
299,2009-09-27,31.828160200607556
300,2009-10-04,33.06024360406337
301,2009-10-11,29.646062145281157
302,2009-10-18,31.304152556750875
303,2009-10-25,46.076804983773236
304,2009-11-01,41.689560489242844
305,2009-11-08,31.42571473169355
306,2009-11-15,26.91054122894722
307,2009-11-22,21.924534148394617
308,2009-11-29,26.21308837798678
309,2009-12-06,14.30438469648927
310,2009-12-13,20.96431045373635
311,2009-12-20,12.48408533424799
312,2009-12-27,5.456188326938578
313,2010-01-03,22.89906143534108
314,2010-01-10,3.281271282296814
315,2010-01-17,16.122863745042274
316,2010-01-24,6.041493257490951
317,2010-01-31,8.673729304231937
318,2010-02-07,4.999203292588106
319,2010-02-14,7.963204461489973
320,2010-02-21,14.06290149779814
321,2010-02-28,0.0
322,2010-03-07,5.982735705566829
323,2010-03-14,0.0
324,2010-03-21,10.768797035356627
325,2010-03-28,5.816032571356143
326,2010-04-04,3.49544898354562
327,2010-04-11,6.852978587851128
328,2010-04-18,4.71285300871091
329,2010-04-25,4.613589276969186
330,2010-05-02,6.256504546312763
331,2010-05-09,5.8352180116028585
332,2010-05-16,15.740780036454838
333,2010-05-23,0.0
334,2010-05-30,11.545486757873359
335,2010-06-06,12.341076301141985
336,2010-06-13,7.455980553918173
337,2010-06-20,0.0
338,2010-06-27,0.0
339,2010-07-04,0.0
340,2010-07-11,3.9849494332729702
341,2010-07-18,0.0
342,2010-07-25,0.0
343,2010-08-01,0.0
344,2010-08-08,0.0
345,2010-08-15,3.7056694904692726
346,2010-08-22,0.0
347,2010-08-29,0.0
348,2010-09-05,7.9268521808468995
349,2010-09-12,7.060966290892421
350,2010-09-19,12.019024202245793
351,2010-09-26,11.183243958979899
352,2010-10-03,6.483161546216021
353,2010-10-10,15.028710943474708
354,2010-10-17,14.386761646089358
355,2010-10-24,10.970451896029193
356,2010-10-31,12.57262439064625
357,2010-11-07,15.103060090122277
358,2010-11-14,15.653144532221269
359,2010-11-21,8.569726401583129
360,2010-11-28,12.594705970736177
361,2010-12-05,8.248750493818845
362,2010-12-12,5.0436271873796885
363,2010-12-19,24.387587923276474
364,2010-12-26,24.3041438828469
365,2011-01-02,17.05630904089325
366,2011-01-09,16.076988834011797
367,2011-01-16,20.518395680576557
368,2011-01-23,13.836846339513258
369,2011-01-30,23.97276014824681
370,2011-02-06,27.63346862543076
371,2011-02-13,26.329136390346363
372,2011-02-20,16.601278274425983
373,2011-02-27,23.96379872867841
374,2011-03-06,16.598371059873983
375,2011-03-13,13.443099747616015
376,2011-03-20,15.368287948465078
377,2011-03-27,11.20363822471668
378,2011-04-03,12.479279476382908
379,2011-04-10,14.874297005607001
380,2011-04-17,7.7202681144249565
381,2011-04-24,7.563889822426044
382,2011-05-01,3.513083097735618
383,2011-05-08,0.0
384,2011-05-15,6.200133255509099
385,2011-05-22,3.9721180067426407
386,2011-05-29,6.931521097607144
387,2011-06-05,3.9188703322721827
388,2011-06-12,4.229286402754955
389,2011-06-19,2.2624307170350635
390,2011-06-26,5.014536323242754
391,2011-07-03,10.521102795377367
392,2011-07-10,4.985658201473967
393,2011-07-17,2.2892189563446528
394,2011-07-24,2.3480990440575593
395,2011-07-31,0.0
396,2011-08-07,2.5739884061552454
397,2011-08-14,6.441103664745709
398,2011-08-21,6.006586256582533
399,2011-08-28,6.460143680958175
400,2011-09-04,11.534467939576539
401,2011-09-11,10.478262567019982
402,2011-09-18,13.980791186958838
403,2011-09-25,14.543125397759683
404,2011-10-02,9.255930742578764
405,2011-10-09,4.596746495717186
406,2011-10-16,20.47854826229973
407,2011-10-23,13.752521055033826
408,2011-10-30,17.196488917449823
409,2011-11-06,14.635687200267519
410,2011-11-13,17.84092672425898
411,2011-11-20,12.227315731261953
412,2011-11-27,11.541812856409415
413,2011-12-04,13.572810127180793
414,2011-12-11,11.839601349806847
415,2011-12-18,8.96920137423501
416,2011-12-25,16.01074530837535
417,2012-01-01,20.07381654738766
418,2012-01-08,8.667926437951133
419,2012-01-15,13.703857190983495
420,2012-01-22,10.61893320047441
421,2012-01-29,14.903206299148021
422,2012-02-05,13.603048812412236
423,2012-02-12,20.600798445474116
424,2012-02-19,14.091735536953115
425,2012-02-26,15.34978172602818
426,2012-03-04,12.355274462121129
427,2012-03-11,8.512453113442982
428,2012-03-18,12.344638161381335
429,2012-03-25,8.41264033146246
430,2012-04-01,10.410315930044849
431,2012-04-08,9.222696548544391
432,2012-04-15,10.62206061279115
433,2012-04-22,9.037357882429843
434,2012-04-29,10.128688348891945
435,2012-05-06,6.830369789078818
436,2012-05-13,9.899804860401481
437,2012-05-20,7.3351665329255775
438,2012-05-27,13.036235520806054
439,2012-06-03,5.547017215595598
440,2012-06-10,4.838277898797962
441,2012-06-17,6.562953739678681
442,2012-06-24,4.231183751831097
443,2012-07-01,4.984221886444347
444,2012-07-08,2.0984808548398304
445,2012-07-15,0.0
446,2012-07-22,8.174319724567763
447,2012-07-29,4.265151049172137
448,2012-08-05,0.0
449,2012-08-12,2.6367175804237197
450,2012-08-19,8.31099173956049
451,2012-08-26,10.331435944213867
452,2012-09-02,9.857535025060644
453,2012-09-09,10.26311129950988
454,2012-09-16,6.910744473414463
455,2012-09-23,12.965420867213608
456,2012-09-30,10.387765252150814
457,2012-10-07,8.367457790659286
458,2012-10-14,9.452296349485243
459,2012-10-21,13.742688797451633
460,2012-10-28,15.037476701700186
461,2012-11-04,13.638811165013259
462,2012-11-11,10.45901649063234
463,2012-11-18,5.366033410807046
464,2012-11-25,20.48023414163246
465,2012-12-02,27.57715846540106
466,2012-12-09,24.171430212460493
467,2012-12-16,34.77260997811477
468,2012-12-23,52.0954951654796
469,2012-12-30,55.069497050717885
470,2013-01-06,72.19012133936695
471,2013-01-13,71.47258504957239
472,2013-01-20,51.05438057100309
473,2013-01-27,42.331391426478305
474,2013-02-03,32.54898463258018
475,2013-02-10,28.07821106525312
476,2013-02-17,19.65302237222849
477,2013-02-24,16.66518471775163
478,2013-03-03,15.627879932949654
479,2013-03-10,19.041887178504698
480,2013-03-17,13.455916881596263
481,2013-03-24,16.48861046351624
482,2013-03-31,8.519274578231952
483,2013-04-07,11.240260812482193
484,2013-04-14,10.623440196892203
485,2013-04-21,11.492714690432617
486,2013-04-28,3.832044210465116
487,2013-05-05,12.13373874359167
488,2013-05-12,8.8167974373682
489,2013-05-19,8.277207182609468
490,2013-05-26,5.65512113789528
491,2013-06-02,2.1333942405326995
492,2013-06-09,5.072033720454444
493,2013-06-16,0.0
494,2013-06-23,4.012534495057531
495,2013-06-30,4.234378114353412
496,2013-07-07,2.2688288775636662
497,2013-07-14,3.098251370048212
498,2013-07-21,5.777188993761355
499,2013-07-28,3.8931201133559554
500,2013-08-04,5.28076481342601
501,2013-08-11,4.522903481355365
502,2013-08-18,5.974294357870623
503,2013-08-25,9.169527822799608
504,2013-09-01,7.197899849430543
505,2013-09-08,6.65987646086304
506,2013-09-15,13.721979957306825
507,2013-09-22,11.454368927269254
508,2013-09-29,14.437006836304734
509,2013-10-06,12.94236324520929
510,2013-10-13,11.659078755650322
511,2013-10-20,15.58036659289867
512,2013-10-27,16.419759455543172
513,2013-11-03,18.202546047987376
514,2013-11-10,13.038622522727005
515,2013-11-17,9.510197933726381
516,2013-11-24,14.838996563806184
517,2013-12-01,17.209223452593893
518,2013-12-08,23.057340254859923
519,2013-12-15,22.517240854088243
520,2013-12-22,30.394378228700802
521,2013-12-29,41.98176559531712
522,2014-01-05,39.5218126206355
523,2014-01-12,32.78089439471704
524,2014-01-19,36.85097865048263
525,2014-01-26,35.92531842581372
526,2014-02-02,23.790334747953555
527,2014-02-09,28.112196566049334
528,2014-02-16,21.147246203826384
529,2014-02-23,14.651578390416475
530,2014-03-02,18.377224320435204
531,2014-03-09,5.892274796870072
532,2014-03-16,13.090943829127367
533,2014-03-23,10.806738316953117
534,2014-03-30,15.237426469140997
535,2014-04-06,9.585500645294074
536,2014-04-13,13.514817542827391
537,2014-04-20,9.207312567066738
538,2014-04-27,10.04403347037598
539,2014-05-04,10.44879354346304
540,2014-05-11,6.591907057057589
541,2014-05-18,7.146874753057798
542,2014-05-25,9.934986975762692
543,2014-06-01,11.193755149721971
544,2014-06-08,7.092567143145931
545,2014-06-15,4.464781248133303
546,2014-06-22,2.5650270871962477
547,2014-06-29,5.368557691435453
548,2014-07-06,6.780069014704473
549,2014-07-13,4.90176325350722
550,2014-07-20,0.0
551,2014-07-27,2.560910187246038
552,2014-08-03,2.718782167168162
553,2014-08-10,5.070317770097393
554,2014-08-17,6.8662671782781555
555,2014-08-24,7.936839023670132
556,2014-08-31,9.375121377529684
557,2014-09-07,13.479893999354132
558,2014-09-14,16.89211287386107
559,2014-09-21,18.412597009952496
560,2014-09-28,17.24621204759897
561,2014-10-05,11.11893465979552
562,2014-10-12,15.861011719723331
563,2014-10-19,10.937842153690138
564,2014-10-26,15.502134375881878
565,2014-11-02,14.992356987595297
566,2014-11-09,17.046464414781358
567,2014-11-16,18.01533414213306
568,2014-11-23,17.92564390552832
569,2014-11-30,25.06866653346256
570,2014-12-07,21.935797030797023
571,2014-12-14,34.087338945231934
572,2014-12-21,45.35071406544862
573,2014-12-28,52.12937991481935
574,2015-01-04,45.18125647843484
575,2015-01-11,45.51122147286439
576,2015-01-18,35.70290491381953
577,2015-01-25,31.735907006409878
578,2015-02-01,35.92820214495926
579,2015-02-08,25.55350343754928
580,2015-02-15,16.944372552776333
581,2015-02-22,21.09014166987441
582,2015-03-01,18.35079140367293
583,2015-03-08,15.126943657264164
584,2015-03-15,18.478156527117466
585,2015-03-22,14.988320039651404
586,2015-03-29,16.45707314124998
587,2015-04-05,15.216200703772158
588,2015-04-12,12.629295323789453
589,2015-04-19,11.8389610981033
590,2015-04-26,5.732259267255988
591,2015-05-03,8.347116872031227
592,2015-05-10,6.480380416444003
593,2015-05-17,6.2004976250407635
594,2015-05-24,7.710078678376935
595,2015-05-31,7.981596210004447
596,2015-06-07,9.025641116893944
597,2015-06-14,5.452439077869686
598,2015-06-21,5.268454909549285
599,2015-06-28,6.272385538481971
600,2015-07-05,2.5956599027182037
601,2015-07-12,6.79236687718376
602,2015-07-19,2.2931796985972306
603,2015-07-26,4.095638735289032
604,2015-08-02,3.742302138063475
605,2015-08-09,0.0
606,2015-08-16,6.59098133623012
607,2015-08-23,7.53888920976066
608,2015-08-30,11.644156691043406
609,2015-09-06,15.025837267081855
610,2015-09-13,4.773532638684352
611,2015-09-20,13.959111479055991
612,2015-09-27,16.56619426348974
613,2015-10-04,13.220640087170878
614,2015-10-11,17.785415305162662
615,2015-10-18,17.385458808024012
616,2015-10-25,17.72604330122128
617,2015-11-01,14.38116961624773
618,2015-11-08,17.104045721075746
619,2015-11-15,15.71079724640377
620,2015-11-22,14.56810043552031
621,2015-11-29,18.035065149261822
622,2015-12-06,20.06596879385426
623,2015-12-13,16.674241293327363
624,2015-12-20,20.736245487136834
625,2015-12-27,24.408410979399946
626,2016-01-03,17.827401671846324
627,2016-01-10,16.946794820371775
628,2016-01-17,24.760193551187974
629,2016-01-24,19.313403952265265
630,2016-01-31,19.130789382437364
631,2016-02-07,17.770776033694748
632,2016-02-14,24.746240364596293
633,2016-02-21,23.20924101938619
634,2016-02-28,22.326867346969088
635,2016-03-06,18.085781789981155
636,2016-03-13,21.131713700503724
637,2016-03-20,21.513960710593555
638,2016-03-27,10.231846937555801
639,2016-04-03,15.178362635823046
640,2016-04-10,14.197117762610393
641,2016-04-17,5.817214396735973
642,2016-04-24,14.031804527475916
643,2016-05-01,9.569816268165209
644,2016-05-08,7.03253086464611
645,2016-05-15,9.98317489365142
646,2016-05-22,11.546199374979407
647,2016-05-29,6.507634162556538
648,2016-06-05,7.0386643067447014
649,2016-06-12,6.832119763391665
650,2016-06-19,8.097044642626761
651,2016-06-26,3.620485522490267
652,2016-07-03,2.2573364091600263
653,2016-07-10,3.0907661902635786
654,2016-07-17,3.582986794506216
655,2016-07-24,3.5719637087853737
656,2016-07-31,4.613523046032243
657,2016-08-07,4.995330458352781
658,2016-08-14,2.282212797890139
659,2016-08-21,1.1510042542863252
660,2016-08-28,8.771338886040555
661,2016-09-04,8.97015922083181
662,2016-09-11,10.395960524966366
663,2016-09-18,12.719268060368737
664,2016-09-25,11.468273988282187
665,2016-10-02,12.390069010019237
666,2016-10-09,14.517894204682694
667,2016-10-16,14.965997685138815
668,2016-10-23,15.636745813789519
669,2016-10-30,17.35452780468011
670,2016-11-06,13.166014320879867
671,2016-11-13,18.93761164030841
672,2016-11-20,18.61096263814262
673,2016-11-27,15.758226466071196
674,2016-12-04,16.515925011123546
675,2016-12-11,19.73012623887756
676,2016-12-18,22.766619765926805
677,2016-12-25,33.5463105303964
678,2017-01-01,26.505902064387197
679,2017-01-08,31.5799614362481
680,2017-01-15,33.07384643659508
681,2017-01-22,30.21282099636842
682,2017-01-29,37.09951027684765
683,2017-02-05,37.91719515860256
684,2017-02-12,43.22627412374555
685,2017-02-19,33.95028279090992
686,2017-02-26,21.6117928073563
687,2017-03-05,20.673227727776837
688,2017-03-12,20.655495653718777
689,2017-03-19,19.74209482067538
690,2017-03-26,14.122081570788945
691,2017-04-02,15.04422983257044
692,2017-04-09,12.510973471567011
693,2017-04-16,8.48213218238219
694,2017-04-23,9.238172555110951
695,2017-04-30,12.871356789059558
696,2017-05-07,14.82887032842604
697,2017-05-14,7.945144971118539
698,2017-05-21,5.084567092962836
699,2017-05-28,9.107544250059577
700,2017-06-04,7.69263599915682
701,2017-06-11,7.342066431894383
702,2017-06-18,8.787484370413498
703,2017-06-25,4.268891585551195
704,2017-07-02,10.334573885292139
705,2017-07-09,4.7813253318428
706,2017-07-16,5.054473709717182
707,2017-07-23,5.89293628092945
708,2017-07-30,5.381093725893222
709,2017-08-06,4.294088933805254
710,2017-08-13,4.064427323795388
711,2017-08-20,7.8108580708857565
712,2017-08-27,8.37552758753961
713,2017-09-03,17.704638179739074
714,2017-09-10,11.045194730100269
715,2017-09-17,15.872401394652417
716,2017-09-24,13.101153823343106
717,2017-10-01,13.750185887104204
718,2017-10-08,19.003470451687367
719,2017-10-15,13.91025699647239
720,2017-10-22,18.430443776095796
721,2017-10-29,16.857285167900486
722,2017-11-05,19.684605293791197
723,2017-11-12,25.19978482707266
724,2017-11-19,19.320491521741637
725,2017-11-26,16.19184397247752
726,2017-12-03,23.757711775772044
727,2017-12-10,26.89495968273
728,2017-12-17,44.00545726104406
729,2017-12-24,61.5775860167541
730,2017-12-31,60.4319486277983
731,2018-01-07,66.03788389204428
732,2018-01-14,67.58260638940713
733,2018-01-21,83.03971372570656
734,2018-01-28,96.07946636315637
735,2018-02-04,96.95299451023341
736,2018-02-11,81.42896129250519
737,2018-02-18,51.41596536802674
738,2018-02-25,30.175584733055537
739,2018-03-04,26.96854441490892
740,2018-03-11,26.069859714776925
741,2018-03-18,20.721643116776583
742,2018-03-25,21.9050877087962
743,2018-04-01,19.835666423644405
744,2018-04-08,13.721717531541042
745,2018-04-15,15.200226668136684
746,2018-04-22,9.628348510063907
747,2018-04-29,9.141059012156312
748,2018-05-06,10.642080353520143
749,2018-05-13,10.974065385796528
750,2018-05-20,6.20772046332595
751,2018-05-27,9.129891107097935
752,2018-06-03,7.203579093379544
753,2018-06-10,7.291415850380346
754,2018-06-17,7.221593943666493
755,2018-06-24,3.5215686885133355
756,2018-07-01,6.525721552721167
757,2018-07-08,5.46178993233402
758,2018-07-15,4.805633979260377
759,2018-07-22,3.3468864675352727
760,2018-07-29,3.1418223283866853
761,2018-08-05,5.30786705571896
762,2018-08-12,7.691177499112069
763,2018-08-19,5.988197791280896
764,2018-08-26,8.247301116568867
765,2018-09-02,9.742619445798063
766,2018-09-09,13.315901414650888
767,2018-09-16,18.606336670229847
768,2018-09-23,16.96398581876022
769,2018-09-30,22.891838987523986
770,2018-10-07,18.76769962603111
771,2018-10-14,19.35621247478416
772,2018-10-21,21.60809693419178
773,2018-10-28,18.923842557169987
774,2018-11-04,20.650487935134116
775,2018-11-11,25.710005176390425
776,2018-11-18,19.608256668565282
777,2018-11-25,28.722151285960347
778,2018-12-02,19.95862101008765
779,2018-12-09,28.982107824975564
780,2018-12-16,38.167668342836954
781,2018-12-23,41.222908397954335
782,2018-12-30,44.815599882898
783,2019-01-06,44.753577218786674
784,2019-01-13,27.346528992931727
785,2019-01-20,37.29883134947497
786,2019-01-27,33.29386027754942
787,2019-02-03,37.50782062827811
788,2019-02-10,39.38128318832551
789,2019-02-17,42.237836275943295
790,2019-02-24,37.05565190303568
791,2019-03-03,31.902773136562054
792,2019-03-10,30.611190328390585
793,2019-03-17,28.084312167467445
794,2019-03-24,24.658454826233434
795,2019-03-31,22.849916666811023
796,2019-04-07,13.012482091034613
797,2019-04-14,14.902925348198634
798,2019-04-21,10.792843463678485
799,2019-04-28,10.4987315927716
800,2019-05-05,12.429961772976647
801,2019-05-12,14.10524214375336
802,2019-05-19,12.525803155848623
803,2019-05-26,10.12713926899885
804,2019-06-02,9.978296733635906
805,2019-06-09,7.1665368828524105
806,2019-06-16,6.771371107200462
807,2019-06-23,8.662435971594704
808,2019-06-30,4.245304874309517
809,2019-07-07,11.790528763911677
810,2019-07-14,6.20263836970558
811,2019-07-21,5.156276703748499
812,2019-07-28,2.635190394699464
813,2019-08-04,9.635824011186882
814,2019-08-11,5.404260064792322
815,2019-08-18,11.737228672678956
816,2019-08-25,9.40512139468956
817,2019-09-01,12.077370961101764
818,2019-09-08,15.667338341554526
819,2019-09-15,15.866526970850144
820,2019-09-22,17.59267498375812
821,2019-09-29,19.645189938233987
822,2019-10-06,26.66718382770935
823,2019-10-13,26.861703411732247
824,2019-10-20,21.998434143425502
825,2019-10-27,21.837233094331012
826,2019-11-03,23.45990857822765
827,2019-11-10,22.980024257400707
828,2019-11-17,33.48789832040084
829,2019-11-24,26.972851487700748
830,2019-12-01,32.439246339153726
831,2019-12-08,31.618796638666932
832,2019-12-15,42.580432045800286
833,2019-12-22,58.24273234570462
834,2019-12-29,61.52909197688236
835,2020-01-05,52.272458286810696
836,2020-01-12,43.24266287615088
837,2020-01-19,46.04574188351817
838,2020-01-26,45.30886874974169
839,2020-02-02,57.90647081269381
840,2020-02-09,48.38888119916335
841,2020-02-16,53.510010847197655
842,2020-02-23,40.43482323716132
843,2020-03-01,57.41609134481488
844,2020-03-08,74.11096216268355
845,2020-03-15,66.85347206976938
846,2020-03-22,41.73409602415637
847,2020-03-29,23.287202200553473
848,2020-04-05,14.077122615039997
849,2020-04-12,7.644325680637129
850,2020-04-19,10.656849731082033
851,2020-04-26,4.419162283895272
852,2020-05-03,5.174688925537022
853,2020-05-10,1.283110752549095
854,2020-05-17,5.280343640497783
855,2020-05-24,5.519118246802879
856,2020-05-31,5.630015177785866
857,2020-06-07,6.922439980997641
858,2020-06-14,4.1820189857834285
859,2020-06-21,5.1430077653091155
860,2020-06-28,5.849602265749923
861,2020-07-05,7.431863401833081
862,2020-07-12,7.544371794153884
863,2020-07-19,7.89383719444415
864,2020-07-26,6.318600568553256
865,2020-08-02,5.5727878191099744
866,2020-08-09,4.959079050696663
867,2020-08-16,6.865402226243669
868,2020-08-23,9.334246453741958
869,2020-08-30,7.401011616975826
870,2020-09-06,8.835328850300998
871,2020-09-13,10.66755899257695
872,2020-09-20,10.491953386791964
873,2020-09-27,13.934305277766262
874,2020-10-04,13.453441051864539
875,2020-10-11,11.910017861143722
876,2020-10-18,11.374698101071626
877,2020-10-25,14.631242604306111
878,2020-11-01,16.41001013907136
879,2020-11-08,16.480875073493404
880,2020-11-15,15.05427512978415
881,2020-11-22,16.155901432340315
882,2020-11-29,18.250335611579764
883,2020-12-06,16.667631503099955
884,2020-12-13,18.8340963114732
885,2020-12-20,22.451618803880105
886,2020-12-27,22.04211363933189
887,2021-01-03,12.337871488296082
888,2021-01-10,12.724480747323161
889,2021-01-17,11.204256595124356
890,2021-01-24,12.148406092022094
891,2021-01-31,8.439380582962194
892,2021-02-07,9.597170863654675
893,2021-02-14,7.177755491489639
894,2021-02-21,4.108822738171255
895,2021-02-28,10.643960157597522
896,2021-03-07,9.002011257760994
897,2021-03-14,8.13241833488248
898,2021-03-21,6.765790173014578
899,2021-03-28,7.333434551801525
900,2021-04-04,13.214795540786623
901,2021-04-11,12.41029356273426
902,2021-04-18,11.832172698523513
903,2021-04-25,1.4198215420861178
904,2021-05-02,9.957081608952286
905,2021-05-09,10.096930885984506
906,2021-05-16,10.386381837870411
907,2021-05-23,7.178767358981511
908,2021-05-30,11.33848816246393
909,2021-06-06,7.282756970687376
910,2021-06-13,6.152454340252644
911,2021-06-20,10.092339415184448
912,2021-06-27,7.606099371765324
913,2021-07-04,9.620208775576993
914,2021-07-11,6.65291131613981
915,2021-07-18,12.420572280376453
916,2021-07-25,14.289412835741619
917,2021-08-01,12.046653374175197
918,2021-08-08,9.268104316294723
919,2021-08-15,12.99875765790794
920,2021-08-22,14.054803848553762
921,2021-08-29,11.420903801017491
922,2021-09-05,12.407238987184789
923,2021-09-12,13.58013836330518
924,2021-09-19,15.677366076310758
925,2021-09-26,12.909953428399886
926,2021-10-03,12.866119791723543
927,2021-10-10,11.523992433838009
928,2021-10-17,15.944313994532571
929,2021-10-24,20.48984059187221
930,2021-10-31,19.60527095917906
931,2021-11-07,19.8479405407656
932,2021-11-14,20.746512251184566
933,2021-11-21,30.943335963726362
934,2021-11-28,25.3109306145682
935,2021-12-05,26.2352070880338
936,2021-12-12,31.320661012195536
937,2021-12-19,31.0199115008704
938,2021-12-26,55.0086000216031
939,2022-01-02,50.87699938047006
940,2022-01-09,42.34180335535981
941,2022-01-16,26.916548009264076
942,2022-01-23,20.162890125111574
943,2022-01-30,14.899587479589387
944,2022-02-06,6.967839304811813
945,2022-02-13,12.336075140519679
946,2022-02-20,10.033264864564677
947,2022-02-27,9.748534036461583
948,2022-03-06,12.67617892244876
949,2022-03-13,17.710364057260435
950,2022-03-20,17.00722536726148
951,2022-03-27,15.070789850360912
952,2022-04-03,17.721635828327525
953,2022-04-10,16.11753275412221
954,2022-04-17,15.838288908425636
955,2022-04-24,14.633452880537956
956,2022-05-01,16.087141447227197
957,2022-05-08,21.451651205433603
958,2022-05-15,14.167571412543575
959,2022-05-22,17.398021631752453
960,2022-05-29,16.100673497176178
961,2022-06-05,11.337099288751064
962,2022-06-12,9.579984557517015
963,2022-06-19,11.959151976439069
964,2022-06-26,10.338627171869222
965,2022-07-03,9.028312342398442
966,2022-07-10,13.168624742162713
967,2022-07-17,9.470375990258345
968,2022-07-24,14.387005450640656
969,2022-07-31,6.331736779727088
970,2022-08-07,10.822290949519063
971,2022-08-14,12.567244268359454
972,2022-08-21,15.776123024313478
973,2022-08-28,10.571222937220359
974,2022-09-04,14.94775645161078
975,2022-09-11,15.611001987839382
976,2022-09-18,15.123203863682928
977,2022-09-25,14.718404832923914
978,2022-10-02,18.536934665770307
979,2022-10-09,18.830887785148565
980,2022-10-16,25.902609971832753
981,2022-10-23,33.312000337712774
982,2022-10-30,34.38828703160083
983,2022-11-06,37.294525106476414
984,2022-11-13,45.777726932884654
985,2022-11-20,49.62261383441104
986,2022-11-27,49.25322694877231
987,2022-12-04,47.011116194995616
988,2022-12-11,54.41523568809571
989,2022-12-18,52.732112460051425
990,2022-12-25,57.031167212727304
991,2023-01-01,36.40653967287979
992,2023-01-08,25.058214727748695
993,2023-01-15,18.674630543766778
994,2023-01-22,20.82239710074136
